Workbook

Sheet README
A1: Greyborn — Tuning Spreadsheet
A2: Live source for every number in spec/01–05. Starting values for playtesting.
A4: Legend
A5: Blue text = input value. Edit these.
A6: Black text = formula. Don't overwrite; it recalculates.
A7: Green text = formula pulling from another sheet.
A8: Yellow fill = key lever (see Spec 05 §12, balance levers).
A10: Sheets
A11: Stats by level — L1 / L10 / L20 anchors per lineage (inputs) and every level in between (formulas). Spec 01.
A12: EXP & Respawn — EXP curve, cumulative EXP, respawn timer, Tenacity. Spec 05 §2, §9.
A13: Abilities — every Q/E/R and basic attack, with damage at L10 and L20 Power. Spec 02.
A14: Ultimates — all 42 Ultimate Forms with damage at L20 Power. Spec 03.
... A21: Where the GDD and this file disagree, the GDD's decisions win and both spec and sheet are corrected.

Sheet Stats by level
A1: Stats by level (Spec 01) — S-curve between anchors
A2: Growth: S(t) = 0.5·t + 0.5·(3t² − 2t³), piecewise L1→L10 and L10→L20, so L10 lands exactly on its anchor. Level numbers are in row 4.
A3: Key | B3: Lineage | C3: Stat | D3: L1 anchor | E3: L10 anchor | F3: L20 anchor | G3: L1 | H3: L2 | I3: L3 | J3: L4 | K3: L5 | L3: L6 | M3: L7 | N3: L8 | O3: L9 | P3: L10 | Q3: L11 | R3: L12 | S3: L13 | T3: L14 | U3: L15 | V3: L16 | W3: L17 | X3: L18 | Y3: L19 | Z3: L20
C4: Level → | G4: 1 | H4: 2 | I4: 3 | J4: 4 | K4: 5 | L4: 6 | M4: 7 | N4: 8 | O4: 9 | P4: 10 | Q4: 11 | R4: 12 | S4: 13 | T4: 14 | U4: 15 | V4: 16 | W4: 17 | X4: 18 | Y4: 19 | Z4: 20
A5: Titan|Health | B5: Titan | C5: Health | D5: 600 | E5: 2600 | F5: 5200 | G5: =ROUND(IF(G$4<=10,$D5+($E5-$D5)*(0.5*((G$4-1)/9)+0.5*(3*((G$4-1)/9)^2-2*((G$4-1)/9)^3)),$E5+($F5-$E5)*(0.5*((G$4-10)/10)+0.5*(3*((G$4-10)/10)^2-2*((G$4-10)/10)^3))),0) -> 600 | H5: =ROUND(IF(H$4<=10,$D5+($E5-$D5)*(0.5*((H$4-1)/9)+0.5*(3*((H$4-1)/9)^2-2*((H$4-1)/9)^3)),$E5+($F5-$E5)*(0.5*((H$4-10)/10)+0.5*(3*((H$4-10)/10)^2-2*((H$4-10)/10)^3))),0) -> 745 | I5: =ROUND(IF(I$4<=10,$D5+($E5-$D5)*(0.5*((I$4-1)/9)+0.5*(3*((I$4-1)/9)^2-2*((I$4-1)/9)^3)),$E5+($F5-$E5)*(0.5*((I$4-10)/10)+0.5*(3*((I$4-10)/10)^2-2*((I$4-10)/10)^3))),0) -> 948 | J5: =ROUND(IF(J$4<=10,$D5+($E5-$D5)*(0.5*((J$4-1)/9)+0.5*(3*((J$4-1)/9)^2-2*((J$4-1)/9)^3)),$E5+($F5-$E5)*(0.5*((J$4-10)/10)+0.5*(3*((J$4-10)/10)^2-2*((J$4-10)/10)^3))),0) -> 1193 | K5: =ROUND(IF(K$4<=10,$D5+($E5-$D5)*(0.5*((K$4-1)/9)+0.5*(3*((K$4-1)/9)^2-2*((K$4-1)/9)^3)),$E5+($F5-$E5)*(0.5*((K$4-10)/10)+0.5*(3*((K$4-10)/10)^2-2*((K$4-10)/10)^3))),0) -> 1461 | L5: =ROUND(IF(L$4<=10,$D5+($E5-$D5)*(0.5*((L$4-1)/9)+0.5*(3*((L$4-1)/9)^2-2*((L$4-1)/9)^3)),$E5+($F5-$E5)*(0.5*((L$4-10)/10)+0.5*(3*((L$4-10)/10)^2-2*((L$4-10)/10)^3))),0) -> 1739 | M5: =ROUND(IF(M$4<=10,$D5+($E5-$D5)*(0.5*((M$4-1)/9)+0.5*(3*((M$4-1)/9)^2-2*((M$4-1)/9)^3)),$E5+($F5-$E5)*(0.5*((M$4-10)/10)+0.5*(3*((M$4-10)/10)^2-2*((M$4-10)/10)^3))),0) -> 2007 | N5: =ROUND(IF(N$4<=10,$D5+($E5-$D5)*(0.5*((N$4-1)/9)+0.5*(3*((N$4-1)/9)^2-2*((N$4-1)/9)^3)),$E5+($F5-$E5)*(0.5*((N$4-10)/10)+0.5*(3*((N$4-10)/10)^2-2*((N$4-10)/10)^3))),0) -> 2252 | ... Z5: =ROUND(IF(Z$4<=10,$D5+($E5-$D5)*(0.5*((Z$4-1)/9)+0.5*(3*((Z$4-1)/9)^2-2*((Z$4-1)/9)^3)),$E5+($F5-$E5)*(0.5*((Z$4-10)/10)+0.5*(3*((Z$4-10)/10)^2-2*((Z$4-10)/10)^3))),0) -> 5200
A6: Titan|Power | B6: Titan | C6: Power | D6: 40 | E6: 100 | F6: 180 | G6: =ROUND(IF(G$4<=10,$D6+($E6-$D6)*(0.5*((G$4-1)/9)+0.5*(3*((G$4-1)/9)^2-2*((G$4-1)/9)^3)),$E6+($F6-$E6)*(0.5*((G$4-10)/10)+0.5*(3*((G$4-10)/10)^2-2*((G$4-10)/10)^3))),0) -> 40 | H6: =ROUND(IF(H$4<=10,$D6+($E6-$D6)*(0.5*((H$4-1)/9)+0.5*(3*((H$4-1)/9)^2-2*((H$4-1)/9)^3)),$E6+($F6-$E6)*(0.5*((H$4-10)/10)+0.5*(3*((H$4-10)/10)^2-2*((H$4-10)/10)^3))),0) -> 44 | I6: =ROUND(IF(I$4<=10,$D6+($E6-$D6)*(0.5*((I$4-1)/9)+0.5*(3*((I$4-1)/9)^2-2*((I$4-1)/9)^3)),$E6+($F6-$E6)*(0.5*((I$4-10)/10)+0.5*(3*((I$4-10)/10)^2-2*((I$4-10)/10)^3))),0) -> 50 | J6: =ROUND(IF(J$4<=10,$D6+($E6-$D6)*(0.5*((J$4-1)/9)+0.5*(3*((J$4-1)/9)^2-2*((J$4-1)/9)^3)),$E6+($F6-$E6)*(0.5*((J$4-10)/10)+0.5*(3*((J$4-10)/10)^2-2*((J$4-10)/10)^3))),0) -> 58 | K6: =ROUND(IF(K$4<=10,$D6+($E6-$D6)*(0.5*((K$4-1)/9)+0.5*(3*((K$4-1)/9)^2-2*((K$4-1)/9)^3)),$E6+($F6-$E6)*(0.5*((K$4-10)/10)+0.5*(3*((K$4-10)/10)^2-2*((K$4-10)/10)^3))),0) -> 66 | L6: =ROUND(IF(L$4<=10,$D6+($E6-$D6)*(0.5*((L$4-1)/9)+0.5*(3*((L$4-1)/9)^2-2*((L$4-1)/9)^3)),$E6+($F6-$E6)*(0.5*((L$4-10)/10)+0.5*(3*((L$4-10)/10)^2-2*((L$4-10)/10)^3))),0) -> 74 | M6: =ROUND(IF(M$4<=10,$D6+($E6-$D6)*(0.5*((M$4-1)/9)+0.5*(3*((M$4-1)/9)^2-2*((M$4-1)/9)^3)),$E6+($F6-$E6)*(0.5*((M$4-10)/10)+0.5*(3*((M$4-10)/10)^2-2*((M$4-10)/10)^3))),0) -> 82 | N6: =ROUND(IF(N$4<=10,$D6+($E6-$D6)*(0.5*((N$4-1)/9)+0.5*(3*((N$4-1)/9)^2-2*((N$4-1)/9)^3)),$E6+($F6-$E6)*(0.5*((N$4-10)/10)+0.5*(3*((N$4-10)/10)^2-2*((N$4-10)/10)^3))),0) -> 90 | ... Z6: =ROUND(IF(Z$4<=10,$D6+($E6-$D6)*(0.5*((Z$4-1)/9)+0.5*(3*((Z$4-1)/9)^2-2*((Z$4-1)/9)^3)),$E6+($F6-$E6)*(0.5*((Z$4-10)/10)+0.5*(3*((Z$4-10)/10)^2-2*((Z$4-10)/10)^3))),0) -> 180
A7: Titan|Speed % | B7: Titan | C7: Speed % | D7: 100 | E7: 90 | F7: 85 | G7: =ROUND(IF(G$4<=10,$D7+($E7-$D7)*(0.5*((G$4-1)/9)+0.5*(3*((G$4-1)/9)^2-2*((G$4-1)/9)^3)),$E7+($F7-$E7)*(0.5*((G$4-10)/10)+0.5*(3*((G$4-10)/10)^2-2*((G$4-10)/10)^3))),0) -> 100 | H7: =ROUND(IF(H$4<=10,$D7+($E7-$D7)*(0.5*((H$4-1)/9)+0.5*(3*((H$4-1)/9)^2-2*((H$4-1)/9)^3)),$E7+($F7-$E7)*(0.5*((H$4-10)/10)+0.5*(3*((H$4-10)/10)^2-2*((H$4-10)/10)^3))),0) -> 99 | I7: =ROUND(IF(I$4<=10,$D7+($E7-$D7)*(0.5*((I$4-1)/9)+0.5*(3*((I$4-1)/9)^2-2*((I$4-1)/9)^3)),$E7+($F7-$E7)*(0.5*((I$4-10)/10)+0.5*(3*((I$4-10)/10)^2-2*((I$4-10)/10)^3))),0) -> 98 | J7: =ROUND(IF(J$4<=10,$D7+($E7-$D7)*(0.5*((J$4-1)/9)+0.5*(3*((J$4-1)/9)^2-2*((J$4-1)/9)^3)),$E7+($F7-$E7)*(0.5*((J$4-10)/10)+0.5*(3*((J$4-10)/10)^2-2*((J$4-10)/10)^3))),0) -> 97 | K7: =ROUND(IF(K$4<=10,$D7+($E7-$D7)*(0.5*((K$4-1)/9)+0.5*(3*((K$4-1)/9)^2-2*((K$4-1)/9)^3)),$E7+($F7-$E7)*(0.5*((K$4-10)/10)+0.5*(3*((K$4-10)/10)^2-2*((K$4-10)/10)^3))),0) -> 96 | L7: =ROUND(IF(L$4<=10,$D7+($E7-$D7)*(0.5*((L$4-1)/9)+0.5*(3*((L$4-1)/9)^2-2*((L$4-1)/9)^3)),$E7+($F7-$E7)*(0.5*((L$4-10)/10)+0.5*(3*((L$4-10)/10)^2-2*((L$4-10)/10)^3))),0) -> 94 | M7: =ROUND(IF(M$4<=10,$D7+($E7-$D7)*(0.5*((M$4-1)/9)+0.5*(3*((M$4-1)/9)^2-2*((M$4-1)/9)^3)),$E7+($F7-$E7)*(0.5*((M$4-10)/10)+0.5*(3*((M$4-10)/10)^2-2*((M$4-10)/10)^3))),0) -> 93 | N7: =ROUND(IF(N$4<=10,$D7+($E7-$D7)*(0.5*((N$4-1)/9)+0.5*(3*((N$4-1)/9)^2-2*((N$4-1)/9)^3)),$E7+($F7-$E7)*(0.5*((N$4-10)/10)+0.5*(3*((N$4-10)/10)^2-2*((N$4-10)/10)^3))),0) -> 92 | ... Z7: =ROUND(IF(Z$4<=10,$D7+($E7-$D7)*(0.5*((Z$4-1)/9)+0.5*(3*((Z$4-1)/9)^2-2*((Z$4-1)/9)^3)),$E7+($F7-$E7)*(0.5*((Z$4-10)/10)+0.5*(3*((Z$4-10)/10)^2-2*((Z$4-10)/10)^3))),0) -> 85
A8: Titan|Control | B8: Titan | C8: Control | D8: 10 | E8: 40 | F8: 70 | G8: =ROUND(IF(G$4<=10,$D8+($E8-$D8)*(0.5*((G$4-1)/9)+0.5*(3*((G$4-1)/9)^2-2*((G$4-1)/9)^3)),$E8+($F8-$E8)*(0.5*((G$4-10)/10)+0.5*(3*((G$4-10)/10)^2-2*((G$4-10)/10)^3))),0) -> 10 | H8: =ROUND(IF(H$4<=10,$D8+($E8-$D8)*(0.5*((H$4-1)/9)+0.5*(3*((H$4-1)/9)^2-2*((H$4-1)/9)^3)),$E8+($F8-$E8)*(0.5*((H$4-10)/10)+0.5*(3*((H$4-10)/10)^2-2*((H$4-10)/10)^3))),0) -> 12 | I8: =ROUND(IF(I$4<=10,$D8+($E8-$D8)*(0.5*((I$4-1)/9)+0.5*(3*((I$4-1)/9)^2-2*((I$4-1)/9)^3)),$E8+($F8-$E8)*(0.5*((I$4-10)/10)+0.5*(3*((I$4-10)/10)^2-2*((I$4-10)/10)^3))),0) -> 15 | J8: =ROUND(IF(J$4<=10,$D8+($E8-$D8)*(0.5*((J$4-1)/9)+0.5*(3*((J$4-1)/9)^2-2*((J$4-1)/9)^3)),$E8+($F8-$E8)*(0.5*((J$4-10)/10)+0.5*(3*((J$4-10)/10)^2-2*((J$4-10)/10)^3))),0) -> 19 | K8: =ROUND(IF(K$4<=10,$D8+($E8-$D8)*(0.5*((K$4-1)/9)+0.5*(3*((K$4-1)/9)^2-2*((K$4-1)/9)^3)),$E8+($F8-$E8)*(0.5*((K$4-10)/10)+0.5*(3*((K$4-10)/10)^2-2*((K$4-10)/10)^3))),0) -> 23 | L8: =ROUND(IF(L$4<=10,$D8+($E8-$D8)*(0.5*((L$4-1)/9)+0.5*(3*((L$4-1)/9)^2-2*((L$4-1)/9)^3)),$E8+($F8-$E8)*(0.5*((L$4-10)/10)+0.5*(3*((L$4-10)/10)^2-2*((L$4-10)/10)^3))),0) -> 27 | M8: =ROUND(IF(M$4<=10,$D8+($E8-$D8)*(0.5*((M$4-1)/9)+0.5*(3*((M$4-1)/9)^2-2*((M$4-1)/9)^3)),$E8+($F8-$E8)*(0.5*((M$4-10)/10)+0.5*(3*((M$4-10)/10)^2-2*((M$4-10)/10)^3))),0) -> 31 | N8: =ROUND(IF(N$4<=10,$D8+($E8-$D8)*(0.5*((N$4-1)/9)+0.5*(3*((N$4-1)/9)^2-2*((N$4-1)/9)^3)),$E8+($F8-$E8)*(0.5*((N$4-10)/10)+0.5*(3*((N$4-10)/10)^2-2*((N$4-10)/10)^3))),0) -> 35 | ... Z8: =ROUND(IF(Z$4<=10,$D8+($E8-$D8)*(0.5*((Z$4-1)/9)+0.5*(3*((Z$4-1)/9)^2-2*((Z$4-1)/9)^3)),$E8+($F8-$E8)*(0.5*((Z$4-10)/10)+0.5*(3*((Z$4-10)/10)^2-2*((Z$4-10)/10)^3))),0) -> 70
A9: Brawler|Health | B9: Brawler | C9: Health | D9: 600 | E9: 2000 | F9: 3800 | G9: =ROUND(IF(G$4<=10,$D9+($E9-$D9)*(0.5*((G$4-1)/9)+0.5*(3*((G$4-1)/9)^2-2*((G$4-1)/9)^3)),$E9+($F9-$E9)*(0.5*((G$4-10)/10)+0.5*(3*((G$4-10)/10)^2-2*((G$4-10)/10)^3))),0) -> 600 | H9: =ROUND(IF(H$4<=10,$D9+($E9-$D9)*(0.5*((H$4-1)/9)+0.5*(3*((H$4-1)/9)^2-2*((H$4-1)/9)^3)),$E9+($F9-$E9)*(0.5*((H$4-10)/10)+0.5*(3*((H$4-10)/10)^2-2*((H$4-10)/10)^3))),0) -> 702 | I9: =ROUND(IF(I$4<=10,$D9+($E9-$D9)*(0.5*((I$4-1)/9)+0.5*(3*((I$4-1)/9)^2-2*((I$4-1)/9)^3)),$E9+($F9-$E9)*(0.5*((I$4-10)/10)+0.5*(3*((I$4-10)/10)^2-2*((I$4-10)/10)^3))),0) -> 844 | J9: =ROUND(IF(J$4<=10,$D9+($E9-$D9)*(0.5*((J$4-1)/9)+0.5*(3*((J$4-1)/9)^2-2*((J$4-1)/9)^3)),$E9+($F9-$E9)*(0.5*((J$4-10)/10)+0.5*(3*((J$4-10)/10)^2-2*((J$4-10)/10)^3))),0) -> 1015 | K9: =ROUND(IF(K$4<=10,$D9+($E9-$D9)*(0.5*((K$4-1)/9)+0.5*(3*((K$4-1)/9)^2-2*((K$4-1)/9)^3)),$E9+($F9-$E9)*(0.5*((K$4-10)/10)+0.5*(3*((K$4-10)/10)^2-2*((K$4-10)/10)^3))),0) -> 1203 | L9: =ROUND(IF(L$4<=10,$D9+($E9-$D9)*(0.5*((L$4-1)/9)+0.5*(3*((L$4-1)/9)^2-2*((L$4-1)/9)^3)),$E9+($F9-$E9)*(0.5*((L$4-10)/10)+0.5*(3*((L$4-10)/10)^2-2*((L$4-10)/10)^3))),0) -> 1397 | M9: =ROUND(IF(M$4<=10,$D9+($E9-$D9)*(0.5*((M$4-1)/9)+0.5*(3*((M$4-1)/9)^2-2*((M$4-1)/9)^3)),$E9+($F9-$E9)*(0.5*((M$4-10)/10)+0.5*(3*((M$4-10)/10)^2-2*((M$4-10)/10)^3))),0) -> 1585 | N9: =ROUND(IF(N$4<=10,$D9+($E9-$D9)*(0.5*((N$4-1)/9)+0.5*(3*((N$4-1)/9)^2-2*((N$4-1)/9)^3)),$E9+($F9-$E9)*(0.5*((N$4-10)/10)+0.5*(3*((N$4-10)/10)^2-2*((N$4-10)/10)^3))),0) -> 1756 | ... Z9: =ROUND(IF(Z$4<=10,$D9+($E9-$D9)*(0.5*((Z$4-1)/9)+0.5*(3*((Z$4-1)/9)^2-2*((Z$4-1)/9)^3)),$E9+($F9-$E9)*(0.5*((Z$4-10)/10)+0.5*(3*((Z$4-10)/10)^2-2*((Z$4-10)/10)^3))),0) -> 3800
A10: Brawler|Power | B10: Brawler | C10: Power | D10: 40 | E10: 130 | F10: 240 | G10: =ROUND(IF(G$4<=10,$D10+($E10-$D10)*(0.5*((G$4-1)/9)+0.5*(3*((G$4-1)/9)^2-2*((G$4-1)/9)^3)),$E10+($F10-$E10)*(0.5*((G$4-10)/10)+0.5*(3*((G$4-10)/10)^2-2*((G$4-10)/10)^3))),0) -> 40 | H10: =ROUND(IF(H$4<=10,$D10+($E10-$D10)*(0.5*((H$4-1)/9)+0.5*(3*((H$4-1)/9)^2-2*((H$4-1)/9)^3)),$E10+($F10-$E10)*(0.5*((H$4-10)/10)+0.5*(3*((H$4-10)/10)^2-2*((H$4-10)/10)^3))),0) -> 47 | I10: =ROUND(IF(I$4<=10,$D10+($E10-$D10)*(0.5*((I$4-1)/9)+0.5*(3*((I$4-1)/9)^2-2*((I$4-1)/9)^3)),$E10+($F10-$E10)*(0.5*((I$4-10)/10)+0.5*(3*((I$4-10)/10)^2-2*((I$4-10)/10)^3))),0) -> 56 | J10: =ROUND(IF(J$4<=10,$D10+($E10-$D10)*(0.5*((J$4-1)/9)+0.5*(3*((J$4-1)/9)^2-2*((J$4-1)/9)^3)),$E10+($F10-$E10)*(0.5*((J$4-10)/10)+0.5*(3*((J$4-10)/10)^2-2*((J$4-10)/10)^3))),0) -> 67 | K10: =ROUND(IF(K$4<=10,$D10+($E10-$D10)*(0.5*((K$4-1)/9)+0.5*(3*((K$4-1)/9)^2-2*((K$4-1)/9)^3)),$E10+($F10-$E10)*(0.5*((K$4-10)/10)+0.5*(3*((K$4-10)/10)^2-2*((K$4-10)/10)^3))),0) -> 79 | L10: =ROUND(IF(L$4<=10,$D10+($E10-$D10)*(0.5*((L$4-1)/9)+0.5*(3*((L$4-1)/9)^2-2*((L$4-1)/9)^3)),$E10+($F10-$E10)*(0.5*((L$4-10)/10)+0.5*(3*((L$4-10)/10)^2-2*((L$4-10)/10)^3))),0) -> 91 | M10: =ROUND(IF(M$4<=10,$D10+($E10-$D10)*(0.5*((M$4-1)/9)+0.5*(3*((M$4-1)/9)^2-2*((M$4-1)/9)^3)),$E10+($F10-$E10)*(0.5*((M$4-10)/10)+0.5*(3*((M$4-10)/10)^2-2*((M$4-10)/10)^3))),0) -> 103 | N10: =ROUND(IF(N$4<=10,$D10+($E10-$D10)*(0.5*((N$4-1)/9)+0.5*(3*((N$4-1)/9)^2-2*((N$4-1)/9)^3)),$E10+($F10-$E10)*(0.5*((N$4-10)/10)+0.5*(3*((N$4-10)/10)^2-2*((N$4-10)/10)^3))),0) -> 114 | ... Z10: =ROUND(IF(Z$4<=10,$D10+($E10-$D10)*(0.5*((Z$4-1)/9)+0.5*(3*((Z$4-1)/9)^2-2*((Z$4-1)/9)^3)),$E10+($F10-$E10)*(0.5*((Z$4-10)/10)+0.5*(3*((Z$4-10)/10)^2-2*((Z$4-10)/10)^3))),0) -> 240
A11: Brawler|Speed % | B11: Brawler | C11: Speed % | D11: 100 | E11: 105 | F11: 110 | G11: =ROUND(IF(G$4<=10,$D11+($E11-$D11)*(0.5*((G$4-1)/9)+0.5*(3*((G$4-1)/9)^2-2*((G$4-1)/9)^3)),$E11+($F11-$E11)*(0.5*((G$4-10)/10)+0.5*(3*((G$4-10)/10)^2-2*((G$4-10)/10)^3))),0) -> 100 | H11: =ROUND(IF(H$4<=10,$D11+($E11-$D11)*(0.5*((H$4-1)/9)+0.5*(3*((H$4-1)/9)^2-2*((H$4-1)/9)^3)),$E11+($F11-$E11)*(0.5*((H$4-10)/10)+0.5*(3*((H$4-10)/10)^2-2*((H$4-10)/10)^3))),0) -> 100 | I11: =ROUND(IF(I$4<=10,$D11+($E11-$D11)*(0.5*((I$4-1)/9)+0.5*(3*((I$4-1)/9)^2-2*((I$4-1)/9)^3)),$E11+($F11-$E11)*(0.5*((I$4-10)/10)+0.5*(3*((I$4-10)/10)^2-2*((I$4-10)/10)^3))),0) -> 101 | J11: =ROUND(IF(J$4<=10,$D11+($E11-$D11)*(0.5*((J$4-1)/9)+0.5*(3*((J$4-1)/9)^2-2*((J$4-1)/9)^3)),$E11+($F11-$E11)*(0.5*((J$4-10)/10)+0.5*(3*((J$4-10)/10)^2-2*((J$4-10)/10)^3))),0) -> 101 | K11: =ROUND(IF(K$4<=10,$D11+($E11-$D11)*(0.5*((K$4-1)/9)+0.5*(3*((K$4-1)/9)^2-2*((K$4-1)/9)^3)),$E11+($F11-$E11)*(0.5*((K$4-10)/10)+0.5*(3*((K$4-10)/10)^2-2*((K$4-10)/10)^3))),0) -> 102 | L11: =ROUND(IF(L$4<=10,$D11+($E11-$D11)*(0.5*((L$4-1)/9)+0.5*(3*((L$4-1)/9)^2-2*((L$4-1)/9)^3)),$E11+($F11-$E11)*(0.5*((L$4-10)/10)+0.5*(3*((L$4-10)/10)^2-2*((L$4-10)/10)^3))),0) -> 103 | M11: =ROUND(IF(M$4<=10,$D11+($E11-$D11)*(0.5*((M$4-1)/9)+0.5*(3*((M$4-1)/9)^2-2*((M$4-1)/9)^3)),$E11+($F11-$E11)*(0.5*((M$4-10)/10)+0.5*(3*((M$4-10)/10)^2-2*((M$4-10)/10)^3))),0) -> 104 | N11: =ROUND(IF(N$4<=10,$D11+($E11-$D11)*(0.5*((N$4-1)/9)+0.5*(3*((N$4-1)/9)^2-2*((N$4-1)/9)^3)),$E11+($F11-$E11)*(0.5*((N$4-10)/10)+0.5*(3*((N$4-10)/10)^2-2*((N$4-10)/10)^3))),0) -> 104 | ... Z11: =ROUND(IF(Z$4<=10,$D11+($E11-$D11)*(0.5*((Z$4-1)/9)+0.5*(3*((Z$4-1)/9)^2-2*((Z$4-1)/9)^3)),$E11+($F11-$E11)*(0.5*((Z$4-10)/10)+0.5*(3*((Z$4-10)/10)^2-2*((Z$4-10)/10)^3))),0) -> 110
A12: Brawler|Control | B12: Brawler | C12: Control | D12: 10 | E12: 30 | F12: 50 | G12: =ROUND(IF(G$4<=10,$D12+($E12-$D12)*(0.5*((G$4-1)/9)+0.5*(3*((G$4-1)/9)^2-2*((G$4-1)/9)^3)),$E12+($F12-$E12)*(0.5*((G$4-10)/10)+0.5*(3*((G$4-10)/10)^2-2*((G$4-10)/10)^3))),0) -> 10 | H12: =ROUND(IF(H$4<=10,$D12+($E12-$D12)*(0.5*((H$4-1)/9)+0.5*(3*((H$4-1)/9)^2-2*((H$4-1)/9)^3)),$E12+($F12-$E12)*(0.5*((H$4-10)/10)+0.5*(3*((H$4-10)/10)^2-2*((H$4-10)/10)^3))),0) -> 11 | I12: =ROUND(IF(I$4<=10,$D12+($E12-$D12)*(0.5*((I$4-1)/9)+0.5*(3*((I$4-1)/9)^2-2*((I$4-1)/9)^3)),$E12+($F12-$E12)*(0.5*((I$4-10)/10)+0.5*(3*((I$4-10)/10)^2-2*((I$4-10)/10)^3))),0) -> 13 | J12: =ROUND(IF(J$4<=10,$D12+($E12-$D12)*(0.5*((J$4-1)/9)+0.5*(3*((J$4-1)/9)^2-2*((J$4-1)/9)^3)),$E12+($F12-$E12)*(0.5*((J$4-10)/10)+0.5*(3*((J$4-10)/10)^2-2*((J$4-10)/10)^3))),0) -> 16 | K12: =ROUND(IF(K$4<=10,$D12+($E12-$D12)*(0.5*((K$4-1)/9)+0.5*(3*((K$4-1)/9)^2-2*((K$4-1)/9)^3)),$E12+($F12-$E12)*(0.5*((K$4-10)/10)+0.5*(3*((K$4-10)/10)^2-2*((K$4-10)/10)^3))),0) -> 19 | L12: =ROUND(IF(L$4<=10,$D12+($E12-$D12)*(0.5*((L$4-1)/9)+0.5*(3*((L$4-1)/9)^2-2*((L$4-1)/9)^3)),$E12+($F12-$E12)*(0.5*((L$4-10)/10)+0.5*(3*((L$4-10)/10)^2-2*((L$4-10)/10)^3))),0) -> 21 | M12: =ROUND(IF(M$4<=10,$D12+($E12-$D12)*(0.5*((M$4-1)/9)+0.5*(3*((M$4-1)/9)^2-2*((M$4-1)/9)^3)),$E12+($F12-$E12)*(0.5*((M$4-10)/10)+0.5*(3*((M$4-10)/10)^2-2*((M$4-10)/10)^3))),0) -> 24 | N12: =ROUND(IF(N$4<=10,$D12+($E12-$D12)*(0.5*((N$4-1)/9)+0.5*(3*((N$4-1)/9)^2-2*((N$4-1)/9)^3)),$E12+($F12-$E12)*(0.5*((N$4-10)/10)+0.5*(3*((N$4-10)/10)^2-2*((N$4-10)/10)^3))),0) -> 27 | ... Z12: =ROUND(IF(Z$4<=10,$D12+($E12-$D12)*(0.5*((Z$4-1)/9)+0.5*(3*((Z$4-1)/9)^2-2*((Z$4-1)/9)^3)),$E12+($F12-$E12)*(0.5*((Z$4-10)/10)+0.5*(3*((Z$4-10)/10)^2-2*((Z$4-10)/10)^3))),0) -> 50
A13: Verdant|Health | B13: Verdant | C13: Health | D13: 600 | E13: 1800 | F13: 3400 | G13: =ROUND(IF(G$4<=10,$D13+($E13-$D13)*(0.5*((G$4-1)/9)+0.5*(3*((G$4-1)/9)^2-2*((G$4-1)/9)^3)),$E13+($F13-$E13)*(0.5*((G$4-10)/10)+0.5*(3*((G$4-10)/10)^2-2*((G$4-10)/10)^3))),0) -> 600 | H13: =ROUND(IF(H$4<=10,$D13+($E13-$D13)*(0.5*((H$4-1)/9)+0.5*(3*((H$4-1)/9)^2-2*((H$4-1)/9)^3)),$E13+($F13-$E13)*(0.5*((H$4-10)/10)+0.5*(3*((H$4-10)/10)^2-2*((H$4-10)/10)^3))),0) -> 687 | I13: =ROUND(IF(I$4<=10,$D13+($E13-$D13)*(0.5*((I$4-1)/9)+0.5*(3*((I$4-1)/9)^2-2*((I$4-1)/9)^3)),$E13+($F13-$E13)*(0.5*((I$4-10)/10)+0.5*(3*((I$4-10)/10)^2-2*((I$4-10)/10)^3))),0) -> 809 | J13: =ROUND(IF(J$4<=10,$D13+($E13-$D13)*(0.5*((J$4-1)/9)+0.5*(3*((J$4-1)/9)^2-2*((J$4-1)/9)^3)),$E13+($F13-$E13)*(0.5*((J$4-10)/10)+0.5*(3*((J$4-10)/10)^2-2*((J$4-10)/10)^3))),0) -> 956 | K13: =ROUND(IF(K$4<=10,$D13+($E13-$D13)*(0.5*((K$4-1)/9)+0.5*(3*((K$4-1)/9)^2-2*((K$4-1)/9)^3)),$E13+($F13-$E13)*(0.5*((K$4-10)/10)+0.5*(3*((K$4-10)/10)^2-2*((K$4-10)/10)^3))),0) -> 1117 | L13: =ROUND(IF(L$4<=10,$D13+($E13-$D13)*(0.5*((L$4-1)/9)+0.5*(3*((L$4-1)/9)^2-2*((L$4-1)/9)^3)),$E13+($F13-$E13)*(0.5*((L$4-10)/10)+0.5*(3*((L$4-10)/10)^2-2*((L$4-10)/10)^3))),0) -> 1283 | M13: =ROUND(IF(M$4<=10,$D13+($E13-$D13)*(0.5*((M$4-1)/9)+0.5*(3*((M$4-1)/9)^2-2*((M$4-1)/9)^3)),$E13+($F13-$E13)*(0.5*((M$4-10)/10)+0.5*(3*((M$4-10)/10)^2-2*((M$4-10)/10)^3))),0) -> 1444 | N13: =ROUND(IF(N$4<=10,$D13+($E13-$D13)*(0.5*((N$4-1)/9)+0.5*(3*((N$4-1)/9)^2-2*((N$4-1)/9)^3)),$E13+($F13-$E13)*(0.5*((N$4-10)/10)+0.5*(3*((N$4-10)/10)^2-2*((N$4-10)/10)^3))),0) -> 1591 | ... Z13: =ROUND(IF(Z$4<=10,$D13+($E13-$D13)*(0.5*((Z$4-1)/9)+0.5*(3*((Z$4-1)/9)^2-2*((Z$4-1)/9)^3)),$E13+($F13-$E13)*(0.5*((Z$4-10)/10)+0.5*(3*((Z$4-10)/10)^2-2*((Z$4-10)/10)^3))),0) -> 3400
A14: Verdant|Power | B14: Verdant | C14: Power | D14: 40 | E14: 85 | F14: 150 | G14: =ROUND(IF(G$4<=10,$D14+($E14-$D14)*(0.5*((G$4-1)/9)+0.5*(3*((G$4-1)/9)^2-2*((G$4-1)/9)^3)),$E14+($F14-$E14)*(0.5*((G$4-10)/10)+0.5*(3*((G$4-10)/10)^2-2*((G$4-10)/10)^3))),0) -> 40 | H14: =ROUND(IF(H$4<=10,$D14+($E14-$D14)*(0.5*((H$4-1)/9)+0.5*(3*((H$4-1)/9)^2-2*((H$4-1)/9)^3)),$E14+($F14-$E14)*(0.5*((H$4-10)/10)+0.5*(3*((H$4-10)/10)^2-2*((H$4-10)/10)^3))),0) -> 43 | I14: =ROUND(IF(I$4<=10,$D14+($E14-$D14)*(0.5*((I$4-1)/9)+0.5*(3*((I$4-1)/9)^2-2*((I$4-1)/9)^3)),$E14+($F14-$E14)*(0.5*((I$4-10)/10)+0.5*(3*((I$4-10)/10)^2-2*((I$4-10)/10)^3))),0) -> 48 | J14: =ROUND(IF(J$4<=10,$D14+($E14-$D14)*(0.5*((J$4-1)/9)+0.5*(3*((J$4-1)/9)^2-2*((J$4-1)/9)^3)),$E14+($F14-$E14)*(0.5*((J$4-10)/10)+0.5*(3*((J$4-10)/10)^2-2*((J$4-10)/10)^3))),0) -> 53 | K14: =ROUND(IF(K$4<=10,$D14+($E14-$D14)*(0.5*((K$4-1)/9)+0.5*(3*((K$4-1)/9)^2-2*((K$4-1)/9)^3)),$E14+($F14-$E14)*(0.5*((K$4-10)/10)+0.5*(3*((K$4-10)/10)^2-2*((K$4-10)/10)^3))),0) -> 59 | L14: =ROUND(IF(L$4<=10,$D14+($E14-$D14)*(0.5*((L$4-1)/9)+0.5*(3*((L$4-1)/9)^2-2*((L$4-1)/9)^3)),$E14+($F14-$E14)*(0.5*((L$4-10)/10)+0.5*(3*((L$4-10)/10)^2-2*((L$4-10)/10)^3))),0) -> 66 | M14: =ROUND(IF(M$4<=10,$D14+($E14-$D14)*(0.5*((M$4-1)/9)+0.5*(3*((M$4-1)/9)^2-2*((M$4-1)/9)^3)),$E14+($F14-$E14)*(0.5*((M$4-10)/10)+0.5*(3*((M$4-10)/10)^2-2*((M$4-10)/10)^3))),0) -> 72 | N14: =ROUND(IF(N$4<=10,$D14+($E14-$D14)*(0.5*((N$4-1)/9)+0.5*(3*((N$4-1)/9)^2-2*((N$4-1)/9)^3)),$E14+($F14-$E14)*(0.5*((N$4-10)/10)+0.5*(3*((N$4-10)/10)^2-2*((N$4-10)/10)^3))),0) -> 77 | ... Z14: =ROUND(IF(Z$4<=10,$D14+($E14-$D14)*(0.5*((Z$4-1)/9)+0.5*(3*((Z$4-1)/9)^2-2*((Z$4-1)/9)^3)),$E14+($F14-$E14)*(0.5*((Z$4-10)/10)+0.5*(3*((Z$4-10)/10)^2-2*((Z$4-10)/10)^3))),0) -> 150
A15: Verdant|Speed % | B15: Verdant | C15: Speed % | D15: 100 | E15: 95 | F15: 95 | G15: =ROUND(IF(G$4<=10,$D15+($E15-$D15)*(0.5*((G$4-1)/9)+0.5*(3*((G$4-1)/9)^2-2*((G$4-1)/9)^3)),$E15+($F15-$E15)*(0.5*((G$4-10)/10)+0.5*(3*((G$4-10)/10)^2-2*((G$4-10)/10)^3))),0) -> 100 | H15: =ROUND(IF(H$4<=10,$D15+($E15-$D15)*(0.5*((H$4-1)/9)+0.5*(3*((H$4-1)/9)^2-2*((H$4-1)/9)^3)),$E15+($F15-$E15)*(0.5*((H$4-10)/10)+0.5*(3*((H$4-10)/10)^2-2*((H$4-10)/10)^3))),0) -> 100 | I15: =ROUND(IF(I$4<=10,$D15+($E15-$D15)*(0.5*((I$4-1)/9)+0.5*(3*((I$4-1)/9)^2-2*((I$4-1)/9)^3)),$E15+($F15-$E15)*(0.5*((I$4-10)/10)+0.5*(3*((I$4-10)/10)^2-2*((I$4-10)/10)^3))),0) -> 99 | J15: =ROUND(IF(J$4<=10,$D15+($E15-$D15)*(0.5*((J$4-1)/9)+0.5*(3*((J$4-1)/9)^2-2*((J$4-1)/9)^3)),$E15+($F15-$E15)*(0.5*((J$4-10)/10)+0.5*(3*((J$4-10)/10)^2-2*((J$4-10)/10)^3))),0) -> 99 | K15: =ROUND(IF(K$4<=10,$D15+($E15-$D15)*(0.5*((K$4-1)/9)+0.5*(3*((K$4-1)/9)^2-2*((K$4-1)/9)^3)),$E15+($F15-$E15)*(0.5*((K$4-10)/10)+0.5*(3*((K$4-10)/10)^2-2*((K$4-10)/10)^3))),0) -> 98 | L15: =ROUND(IF(L$4<=10,$D15+($E15-$D15)*(0.5*((L$4-1)/9)+0.5*(3*((L$4-1)/9)^2-2*((L$4-1)/9)^3)),$E15+($F15-$E15)*(0.5*((L$4-10)/10)+0.5*(3*((L$4-10)/10)^2-2*((L$4-10)/10)^3))),0) -> 97 | M15: =ROUND(IF(M$4<=10,$D15+($E15-$D15)*(0.5*((M$4-1)/9)+0.5*(3*((M$4-1)/9)^2-2*((M$4-1)/9)^3)),$E15+($F15-$E15)*(0.5*((M$4-10)/10)+0.5*(3*((M$4-10)/10)^2-2*((M$4-10)/10)^3))),0) -> 96 | N15: =ROUND(IF(N$4<=10,$D15+($E15-$D15)*(0.5*((N$4-1)/9)+0.5*(3*((N$4-1)/9)^2-2*((N$4-1)/9)^3)),$E15+($F15-$E15)*(0.5*((N$4-10)/10)+0.5*(3*((N$4-10)/10)^2-2*((N$4-10)/10)^3))),0) -> 96 | ... Z15: =ROUND(IF(Z$4<=10,$D15+($E15-$D15)*(0.5*((Z$4-1)/9)+0.5*(3*((Z$4-1)/9)^2-2*((Z$4-1)/9)^3)),$E15+($F15-$E15)*(0.5*((Z$4-10)/10)+0.5*(3*((Z$4-10)/10)^2-2*((Z$4-10)/10)^3))),0) -> 95
A16: Verdant|Control | B16: Verdant | C16: Control | D16: 10 | E16: 60 | F16: 110 | G16: =ROUND(IF(G$4<=10,$D16+($E16-$D16)*(0.5*((G$4-1)/9)+0.5*(3*((G$4-1)/9)^2-2*((G$4-1)/9)^3)),$E16+($F16-$E16)*(0.5*((G$4-10)/10)+0.5*(3*((G$4-10)/10)^2-2*((G$4-10)/10)^3))),0) -> 10 | H16: =ROUND(IF(H$4<=10,$D16+($E16-$D16)*(0.5*((H$4-1)/9)+0.5*(3*((H$4-1)/9)^2-2*((H$4-1)/9)^3)),$E16+($F16-$E16)*(0.5*((H$4-10)/10)+0.5*(3*((H$4-10)/10)^2-2*((H$4-10)/10)^3))),0) -> 14 | I16: =ROUND(IF(I$4<=10,$D16+($E16-$D16)*(0.5*((I$4-1)/9)+0.5*(3*((I$4-1)/9)^2-2*((I$4-1)/9)^3)),$E16+($F16-$E16)*(0.5*((I$4-10)/10)+0.5*(3*((I$4-10)/10)^2-2*((I$4-10)/10)^3))),0) -> 19 | J16: =ROUND(IF(J$4<=10,$D16+($E16-$D16)*(0.5*((J$4-1)/9)+0.5*(3*((J$4-1)/9)^2-2*((J$4-1)/9)^3)),$E16+($F16-$E16)*(0.5*((J$4-10)/10)+0.5*(3*((J$4-10)/10)^2-2*((J$4-10)/10)^3))),0) -> 25 | K16: =ROUND(IF(K$4<=10,$D16+($E16-$D16)*(0.5*((K$4-1)/9)+0.5*(3*((K$4-1)/9)^2-2*((K$4-1)/9)^3)),$E16+($F16-$E16)*(0.5*((K$4-10)/10)+0.5*(3*((K$4-10)/10)^2-2*((K$4-10)/10)^3))),0) -> 32 | L16: =ROUND(IF(L$4<=10,$D16+($E16-$D16)*(0.5*((L$4-1)/9)+0.5*(3*((L$4-1)/9)^2-2*((L$4-1)/9)^3)),$E16+($F16-$E16)*(0.5*((L$4-10)/10)+0.5*(3*((L$4-10)/10)^2-2*((L$4-10)/10)^3))),0) -> 38 | M16: =ROUND(IF(M$4<=10,$D16+($E16-$D16)*(0.5*((M$4-1)/9)+0.5*(3*((M$4-1)/9)^2-2*((M$4-1)/9)^3)),$E16+($F16-$E16)*(0.5*((M$4-10)/10)+0.5*(3*((M$4-10)/10)^2-2*((M$4-10)/10)^3))),0) -> 45 | N16: =ROUND(IF(N$4<=10,$D16+($E16-$D16)*(0.5*((N$4-1)/9)+0.5*(3*((N$4-1)/9)^2-2*((N$4-1)/9)^3)),$E16+($F16-$E16)*(0.5*((N$4-10)/10)+0.5*(3*((N$4-10)/10)^2-2*((N$4-10)/10)^3))),0) -> 51 | ... Z16: =ROUND(IF(Z$4<=10,$D16+($E16-$D16)*(0.5*((Z$4-1)/9)+0.5*(3*((Z$4-1)/9)^2-2*((Z$4-1)/9)^3)),$E16+($F16-$E16)*(0.5*((Z$4-10)/10)+0.5*(3*((Z$4-10)/10)^2-2*((Z$4-10)/10)^3))),0) -> 110
... A32: Stillheart|Control | B32: Stillheart | C32: Control | D32: 10 | E32: 55 | F32: 100 | G32: =ROUND(IF(G$4<=10,$D32+($E32-$D32)*(0.5*((G$4-1)/9)+0.5*(3*((G$4-1)/9)^2-2*((G$4-1)/9)^3)),$E32+($F32-$E32)*(0.5*((G$4-10)/10)+0.5*(3*((G$4-10)/10)^2-2*((G$4-10)/10)^3))),0) -> 10 | H32: =ROUND(IF(H$4<=10,$D32+($E32-$D32)*(0.5*((H$4-1)/9)+0.5*(3*((H$4-1)/9)^2-2*((H$4-1)/9)^3)),$E32+($F32-$E32)*(0.5*((H$4-10)/10)+0.5*(3*((H$4-10)/10)^2-2*((H$4-10)/10)^3))),0) -> 13 | I32: =ROUND(IF(I$4<=10,$D32+($E32-$D32)*(0.5*((I$4-1)/9)+0.5*(3*((I$4-1)/9)^2-2*((I$4-1)/9)^3)),$E32+($F32-$E32)*(0.5*((I$4-10)/10)+0.5*(3*((I$4-10)/10)^2-2*((I$4-10)/10)^3))),0) -> 18 | J32: =ROUND(IF(J$4<=10,$D32+($E32-$D32)*(0.5*((J$4-1)/9)+0.5*(3*((J$4-1)/9)^2-2*((J$4-1)/9)^3)),$E32+($F32-$E32)*(0.5*((J$4-10)/10)+0.5*(3*((J$4-10)/10)^2-2*((J$4-10)/10)^3))),0) -> 23 | K32: =ROUND(IF(K$4<=10,$D32+($E32-$D32)*(0.5*((K$4-1)/9)+0.5*(3*((K$4-1)/9)^2-2*((K$4-1)/9)^3)),$E32+($F32-$E32)*(0.5*((K$4-10)/10)+0.5*(3*((K$4-10)/10)^2-2*((K$4-10)/10)^3))),0) -> 29 | L32: =ROUND(IF(L$4<=10,$D32+($E32-$D32)*(0.5*((L$4-1)/9)+0.5*(3*((L$4-1)/9)^2-2*((L$4-1)/9)^3)),$E32+($F32-$E32)*(0.5*((L$4-10)/10)+0.5*(3*((L$4-10)/10)^2-2*((L$4-10)/10)^3))),0) -> 36 | M32: =ROUND(IF(M$4<=10,$D32+($E32-$D32)*(0.5*((M$4-1)/9)+0.5*(3*((M$4-1)/9)^2-2*((M$4-1)/9)^3)),$E32+($F32-$E32)*(0.5*((M$4-10)/10)+0.5*(3*((M$4-10)/10)^2-2*((M$4-10)/10)^3))),0) -> 42 | N32: =ROUND(IF(N$4<=10,$D32+($E32-$D32)*(0.5*((N$4-1)/9)+0.5*(3*((N$4-1)/9)^2-2*((N$4-1)/9)^3)),$E32+($F32-$E32)*(0.5*((N$4-10)/10)+0.5*(3*((N$4-10)/10)^2-2*((N$4-10)/10)^3))),0) -> 47 | ... Z32: =ROUND(IF(Z$4<=10,$D32+($E32-$D32)*(0.5*((Z$4-1)/9)+0.5*(3*((Z$4-1)/9)^2-2*((Z$4-1)/9)^3)),$E32+($F32-$E32)*(0.5*((Z$4-10)/10)+0.5*(3*((Z$4-10)/10)^2-2*((Z$4-10)/10)^3))),0) -> 100

Sheet EXP & Respawn
A1: EXP curve, respawn and Tenacity (Spec 05 §2, §9; Spec 01)
J2: Inputs
A3: Level | B3: EXP to next | C3: Cumulative EXP to reach | D3: Respawn (Phases 1–3) s | E3: Respawn (Phase 4) s | F3: Tenacity | G3: Dominance shares | H3: Bounty on death (cores)
J4: EXP base | K4: 60
A5: 1 | B5: =IF(A5<20,$K$4+$K$5*A5,"—") -> 75 | C5: =0 -> 0 | D5: =$K$6+$K$7*A5 -> 6 | E5: =D5+$K$8 -> 11 | F5: =MIN($K$10,$K$9*(A5-1)) -> 0 | G5: =MAX(0,A5-15) -> 0 | H5: =$K$11+$K$12*A5 -> 115 | J5: EXP per level | K5: 15
A6: 2 | B6: =IF(A6<20,$K$4+$K$5*A6,"—") -> 90 | C6: =C5+B5 -> 75 | D6: =$K$6+$K$7*A6 -> 7 | E6: =D6+$K$8 -> 12 | F6: =MIN($K$10,$K$9*(A6-1)) -> 0.02 | G6: =MAX(0,A6-15) -> 0 | H6: =$K$11+$K$12*A6 -> 130 | J6: Respawn base (s) | K6: 5
A7: 3 | B7: =IF(A7<20,$K$4+$K$5*A7,"—") -> 105 | C7: =C6+B6 -> 165 | D7: =$K$6+$K$7*A7 -> 8 | E7: =D7+$K$8 -> 13 | F7: =MIN($K$10,$K$9*(A7-1)) -> 0.04 | G7: =MAX(0,A7-15) -> 0 | H7: =$K$11+$K$12*A7 -> 145 | J7: Respawn per level (s) | K7: 1
A8: 4 | B8: =IF(A8<20,$K$4+$K$5*A8,"—") -> 120 | C8: =C7+B7 -> 270 | D8: =$K$6+$K$7*A8 -> 9 | E8: =D8+$K$8 -> 14 | F8: =MIN($K$10,$K$9*(A8-1)) -> 0.06 | G8: =MAX(0,A8-15) -> 0 | H8: =$K$11+$K$12*A8 -> 160 | J8: Phase 4 respawn extra (s) | K8: 5
A9: 5 | B9: =IF(A9<20,$K$4+$K$5*A9,"—") -> 135 | C9: =C8+B8 -> 390 | D9: =$K$6+$K$7*A9 -> 10 | E9: =D9+$K$8 -> 15 | F9: =MIN($K$10,$K$9*(A9-1)) -> 0.08 | G9: =MAX(0,A9-15) -> 0 | H9: =$K$11+$K$12*A9 -> 175 | J9: Tenacity per level (L2–L15) | K9: 0.02
A10: 6 | B10: =IF(A10<20,$K$4+$K$5*A10,"—") -> 150 | C10: =C9+B9 -> 525 | D10: =$K$6+$K$7*A10 -> 11 | E10: =D10+$K$8 -> 16 | F10: =MIN($K$10,$K$9*(A10-1)) -> 0.1 | G10: =MAX(0,A10-15) -> 0 | H10: =$K$11+$K$12*A10 -> 190 | J10: Tenacity cap | K10: 0.28
A11: 7 | B11: =IF(A11<20,$K$4+$K$5*A11,"—") -> 165 | C11: =C10+B10 -> 675 | D11: =$K$6+$K$7*A11 -> 12 | E11: =D11+$K$8 -> 17 | F11: =MIN($K$10,$K$9*(A11-1)) -> 0.12 | G11: =MAX(0,A11-15) -> 0 | H11: =$K$11+$K$12*A11 -> 205 | J11: Bounty base | K11: 100
A12: 8 | B12: =IF(A12<20,$K$4+$K$5*A12,"—") -> 180 | C12: =C11+B11 -> 840 | D12: =$K$6+$K$7*A12 -> 13 | E12: =D12+$K$8 -> 18 | F12: =MIN($K$10,$K$9*(A12-1)) -> 0.14 | G12: =MAX(0,A12-15) -> 0 | H12: =$K$11+$K$12*A12 -> 220 | J12: Bounty per level | K12: 15
A13: 9 | B13: =IF(A13<20,$K$4+$K$5*A13,"—") -> 195 | C13: =C12+B12 -> 1020 | D13: =$K$6+$K$7*A13 -> 14 | E13: =D13+$K$8 -> 19 | F13: =MIN($K$10,$K$9*(A13-1)) -> 0.16 | G13: =MAX(0,A13-15) -> 0 | H13: =$K$11+$K$12*A13 -> 235
A14: 10 | B14: =IF(A14<20,$K$4+$K$5*A14,"—") -> 210 | C14: =C13+B13 -> 1215 | D14: =$K$6+$K$7*A14 -> 15 | E14: =D14+$K$8 -> 20 | F14: =MIN($K$10,$K$9*(A14-1)) -> 0.18 | G14: =MAX(0,A14-15) -> 0 | H14: =$K$11+$K$12*A14 -> 250
A15: 11 | B15: =IF(A15<20,$K$4+$K$5*A15,"—") -> 225 | C15: =C14+B14 -> 1425 | D15: =$K$6+$K$7*A15 -> 16 | E15: =D15+$K$8 -> 21 | F15: =MIN($K$10,$K$9*(A15-1)) -> 0.2 | G15: =MAX(0,A15-15) -> 0 | H15: =$K$11+$K$12*A15 -> 265
A16: 12 | B16: =IF(A16<20,$K$4+$K$5*A16,"—") -> 240 | C16: =C15+B15 -> 1650 | D16: =$K$6+$K$7*A16 -> 17 | E16: =D16+$K$8 -> 22 | F16: =MIN($K$10,$K$9*(A16-1)) -> 0.22 | G16: =MAX(0,A16-15) -> 0 | H16: =$K$11+$K$12*A16 -> 280
A17: 13 | B17: =IF(A17<20,$K$4+$K$5*A17,"—") -> 255 | C17: =C16+B16 -> 1890 | D17: =$K$6+$K$7*A17 -> 18 | E17: =D17+$K$8 -> 23 | F17: =MIN($K$10,$K$9*(A17-1)) -> 0.24 | G17: =MAX(0,A17-15) -> 0 | H17: =$K$11+$K$12*A17 -> 295
A18: 14 | B18: =IF(A18<20,$K$4+$K$5*A18,"—") -> 270 | C18: =C17+B17 -> 2145 | D18: =$K$6+$K$7*A18 -> 19 | E18: =D18+$K$8 -> 24 | F18: =MIN($K$10,$K$9*(A18-1)) -> 0.26 | G18: =MAX(0,A18-15) -> 0 | H18: =$K$11+$K$12*A18 -> 310
A19: 15 | B19: =IF(A19<20,$K$4+$K$5*A19,"—") -> 285 | C19: =C18+B18 -> 2415 | D19: =$K$6+$K$7*A19 -> 20 | E19: =D19+$K$8 -> 25 | F19: =MIN($K$10,$K$9*(A19-1)) -> 0.28 | G19: =MAX(0,A19-15) -> 0 | H19: =$K$11+$K$12*A19 -> 325
A20: 16 | B20: =IF(A20<20,$K$4+$K$5*A20,"—") -> 300 | C20: =C19+B19 -> 2700 | D20: =$K$6+$K$7*A20 -> 21 | E20: =D20+$K$8 -> 26 | F20: =MIN($K$10,$K$9*(A20-1)) -> 0.28 | G20: =MAX(0,A20-15) -> 1 | H20: =$K$11+$K$12*A20 -> 340
A21: 17 | B21: =IF(A21<20,$K$4+$K$5*A21,"—") -> 315 | C21: =C20+B20 -> 3000 | D21: =$K$6+$K$7*A21 -> 22 | E21: =D21+$K$8 -> 27 | F21: =MIN($K$10,$K$9*(A21-1)) -> 0.28 | G21: =MAX(0,A21-15) -> 2 | H21: =$K$11+$K$12*A21 -> 355
A22: 18 | B22: =IF(A22<20,$K$4+$K$5*A22,"—") -> 330 | C22: =C21+B21 -> 3315 | D22: =$K$6+$K$7*A22 -> 23 | E22: =D22+$K$8 -> 28 | F22: =MIN($K$10,$K$9*(A22-1)) -> 0.28 | G22: =MAX(0,A22-15) -> 3 | H22: =$K$11+$K$12*A22 -> 370
A23: 19 | B23: =IF(A23<20,$K$4+$K$5*A23,"—") -> 345 | C23: =C22+B22 -> 3645 | D23: =$K$6+$K$7*A23 -> 24 | E23: =D23+$K$8 -> 29 | F23: =MIN($K$10,$K$9*(A23-1)) -> 0.28 | G23: =MAX(0,A23-15) -> 4 | H23: =$K$11+$K$12*A23 -> 385
A24: 20 | B24: =IF(A24<20,$K$4+$K$5*A24,"—") -> — | C24: =C23+B23 -> 3990 | D24: =$K$6+$K$7*A24 -> 25 | E24: =D24+$K$8 -> 30 | F24: =MIN($K$10,$K$9*(A24-1)) -> 0.28 | G24: =MAX(0,A24-15) -> 5 | H24: =$K$11+$K$12*A24 -> 400
A26: Check: total EXP to L20 (Spec 05 says 5,320) | C26: =C24 -> 3990

Sheet Abilities
A1: Lineage abilities (Spec 02) — damage computed from Stats by level
A3: Lineage | B3: Slot | C3: Ability | D3: Range / area | E3: Timing | F3: Effect | G3: Damage (text) | H3: Base | I3: Ratio × P | J3: Cooldown (s) | K3: Damage @ L10 | L3: Damage @ L20
A4: Titan | B4: Basic | C4: fist slam | D4: melee, 3 m (scales) | E4: 0.8 hits/s | G4: fist slam · melee, 3 m (scales) · 0.8 hits/s · 1.2 × P. | H4: 0 | I4: 1.2 | K4: =IF(I4="","",ROUND(H4+I4*INDEX('Stats by level'!$G$5:$Z$32,MATCH($A4&"|Power",'Stats by level'!$A$5:$A$32,0),10),0)) -> 120 | L4: =IF(I4="","",ROUND(H4+I4*INDEX('Stats by level'!$G$5:$Z$32,MATCH($A4&"|Power",'Stats by level'!$A$5:$A$32,0),20),0)) -> 216
A5: Titan | B5: Q | C5: Quake Slam | D5: Circle, radius 5 m (scales), centred on self | E5: 0.5 s wind-up with a visible ring | F5: Stagger 0.8 s; triggers Smash & Roll | G5: 60 + 0.8 × P | H5: 60 | I5: 0.8 | J5: 12 | K5: =IF(I5="","",ROUND(H5+I5*INDEX('Stats by level'!$G$5:$Z$32,MATCH($A5&"|Power",'Stats by level'!$A$5:$A$32,0),10),0)) -> 140 | L5: =IF(I5="","",ROUND(H5+I5*INDEX('Stats by level'!$G$5:$Z$32,MATCH($A5&"|Power",'Stats by level'!$A$5:$A$32,0),20),0)) -> 204
A6: Titan | B6: E | C6: Bulwark | D6: Frontal 120° cone | E6: Instant; lasts 3 s | F6: −60% damage from the front; Titan slowed 30% | G6: — | J6: 16 | K6: =IF(I6="","",ROUND(H6+I6*INDEX('Stats by level'!$G$5:$Z$32,MATCH($A6&"|Power",'Stats by level'!$A$5:$A$32,0),10),0)) | L6: =IF(I6="","",ROUND(H6+I6*INDEX('Stats by level'!$G$5:$Z$32,MATCH($A6&"|Power",'Stats by level'!$A$5:$A$32,0),20),0))
A7: Titan | B7: R | C7: Rampart Charge | D7: Line, 12 m (scales) | E7: 0.3 s wind-up; 1.0 s charge | F7: Unstoppable; carries up to 2 enemies to the end | G7: 80 + 1.0 × P | H7: 80 | I7: 1 | J7: 18 | K7: =IF(I7="","",ROUND(H7+I7*INDEX('Stats by level'!$G$5:$Z$32,MATCH($A7&"|Power",'Stats by level'!$A$5:$A$32,0),10),0)) -> 180 | L7: =IF(I7="","",ROUND(H7+I7*INDEX('Stats by level'!$G$5:$Z$32,MATCH($A7&"|Power",'Stats by level'!$A$5:$A$32,0),20),0)) -> 260
A8: Brawler | B8: Basic | C8: fist combo | D8: melee, 2.5 m (scales) | E8: 1.4 hits/s | G8: fist combo · melee, 2.5 m (scales) · 1.4 hits/s · 1.0 × P. | H8: 0 | I8: 1 | K8: =IF(I8="","",ROUND(H8+I8*INDEX('Stats by level'!$G$5:$Z$32,MATCH($A8&"|Power",'Stats by level'!$A$5:$A$32,0),10),0)) -> 130 | L8: =IF(I8="","",ROUND(H8+I8*INDEX('Stats by level'!$G$5:$Z$32,MATCH($A8&"|Power",'Stats by level'!$A$5:$A$32,0),20),0)) -> 240
A9: Brawler | B9: Q | C9: Roll Commit | D9: Line, 8 m (scales) | E9: 0.6 s roll | F9: Unstoppable; ends in an uppercut that staggers 0.5 s. Chest weak point exposed for 1.0 s after | G9: 70 + 1.0 × P (uppercut) | H9: 70 | I9: 1 | J9: 10 | K9: =IF(I9="","",ROUND(H9+I9*INDEX('Stats by level'!$G$5:$Z$32,MATCH($A9&"|Power",'Stats by level'!$A$5:$A$32,0),10),0)) -> 200 | L9: =IF(I9="","",ROUND(H9+I9*INDEX('Stats by level'!$G$5:$Z$32,MATCH($A9&"|Power",'Stats by level'!$A$5:$A$32,0),20),0)) -> 310
A10: Brawler | B10: E | C10: Haymaker | D10: Melee, 3 m | E10: Charge 0.3–1.5 s | F10: Damage scales with charge; full charge knocks back 6 m | G10: 50 + 0.6 × P (min) to 120 + 1.4 × P (full) | H10: 50 | I10: 0.6 | J10: 9 | K10: =IF(I10="","",ROUND(H10+I10*INDEX('Stats by level'!$G$5:$Z$32,MATCH($A10&"|Power",'Stats by level'!$A$5:$A$32,0),10),0)) -> 128 | L10: =IF(I10="","",ROUND(H10+I10*INDEX('Stats by level'!$G$5:$Z$32,MATCH($A10&"|Power",'Stats by level'!$A$5:$A$32,0),20),0)) -> 194
A11: Brawler | B11: R | C11: Grapple | D11: Melee, 3 m | E11: 0.6 s hold, then throw | F11: Grabs a lower-Stage target, throws it 8 m in the aimed direction | G11: 40 + 0.5 × P, +40 on landing | H11: 40 | I11: 0.5 | J11: 16 | K11: =IF(I11="","",ROUND(H11+I11*INDEX('Stats by level'!$G$5:$Z$32,MATCH($A11&"|Power",'Stats by level'!$A$5:$A$32,0),10),0)) -> 105 | L11: =IF(I11="","",ROUND(H11+I11*INDEX('Stats by level'!$G$5:$Z$32,MATCH($A11&"|Power",'Stats by level'!$A$5:$A$32,0),20),0)) -> 160
A12: Verdant | B12: Basic | C12: antler sweep | D12: melee, 3 m (scales) | E12: 1.0 hits/s | G12: antler sweep · melee, 3 m (scales) · 1.0 hits/s · 0.9 × P. | H12: 0 | I12: 0.9 | K12: =IF(I12="","",ROUND(H12+I12*INDEX('Stats by level'!$G$5:$Z$32,MATCH($A12&"|Power",'Stats by level'!$A$5:$A$32,0),10),0)) -> 77 | L12: =IF(I12="","",ROUND(H12+I12*INDEX('Stats by level'!$G$5:$Z$32,MATCH($A12&"|Power",'Stats by level'!$A$5:$A$32,0),20),0)) -> 135
A13: Verdant | B13: Q | C13: Bramble Wall | D13: Wall, 10 m long (scales), 1.5 m tall, placed up to 15 m away | E13: 0.4 s to grow; lasts 6 s | F13: Blocks movement and projectiles; can be destroyed | G13: Wall Health 400 + 2 × P | H13: 400 | I13: 2 | J13: 18 | K13: =IF(I13="","",ROUND(H13+I13*INDEX('Stats by level'!$G$5:$Z$32,MATCH($A13&"|Power",'Stats by level'!$A$5:$A$32,0),10),0)) -> 570 | L13: =IF(I13="","",ROUND(H13+I13*INDEX('Stats by level'!$G$5:$Z$32,MATCH($A13&"|Power",'Stats by level'!$A$5:$A$32,0),20),0)) -> 700
A14: Verdant | B14: E | C14: Sap Draw | D14: Ally or self within 15 m | E14: Heal over 4 s | F14: Heals the target; costs 40 team SAP | G14: Heal 120 + 1.0 × P | H14: 120 | I14: 1 | J14: 16 | K14: =IF(I14="","",ROUND(H14+I14*INDEX('Stats by level'!$G$5:$Z$32,MATCH($A14&"|Power",'Stats by level'!$A$5:$A$32,0),10),0)) -> 205 | L14: =IF(I14="","",ROUND(H14+I14*INDEX('Stats by level'!$G$5:$Z$32,MATCH($A14&"|Power",'Stats by level'!$A$5:$A$32,0),20),0)) -> 270
A15: Verdant | B15: R | C15: Entangle | D15: Circle, radius 3 m (scales), up to 15 m away | E15: 0.6 s delay | F15: Root 1.2 s | G15: 30 + 0.4 × P | H15: 30 | I15: 0.4 | J15: 14 | K15: =IF(I15="","",ROUND(H15+I15*INDEX('Stats by level'!$G$5:$Z$32,MATCH($A15&"|Power",'Stats by level'!$A$5:$A$32,0),10),0)) -> 64 | L15: =IF(I15="","",ROUND(H15+I15*INDEX('Stats by level'!$G$5:$Z$32,MATCH($A15&"|Power",'Stats by level'!$A$5:$A$32,0),20),0)) -> 90
A16: Hollow | B16: Basic | C16: void bolt | D16: ranged, 15 m | E16: 1.0 shots/s | G16: void bolt · ranged, 15 m · 1.0 shots/s · 0.8 × P · projectile speed 30 m/s. | H16: 0 | I16: 0.8 | K16: =IF(I16="","",ROUND(H16+I16*INDEX('Stats by level'!$G$5:$Z$32,MATCH($A16&"|Power",'Stats by level'!$A$5:$A$32,0),10),0)) -> 92 | L16: =IF(I16="","",ROUND(H16+I16*INDEX('Stats by level'!$G$5:$Z$32,MATCH($A16&"|Power",'Stats by level'!$A$5:$A$32,0),20),0)) -> 168
A17: Hollow | B17: Q | C17: Void Rift | D17: Circle, radius 4 m (scales), up to 18 m away | E17: 0.3 s to open; lasts 4 s | F17: Enemies inside: slowed 30%, Control −40%; triggers Void Garden on rooted ground | G17: — | J17: 14 | K17: =IF(I17="","",ROUND(H17+I17*INDEX('Stats by level'!$G$5:$Z$32,MATCH($A17&"|Power",'Stats by level'!$A$5:$A$32,0),10),0)) | L17: =IF(I17="","",ROUND(H17+I17*INDEX('Stats by level'!$G$5:$Z$32,MATCH($A17&"|Power",'Stats by level'!$A$5:$A$32,0),20),0))
A18: Hollow | B18: E | C18: Hollow Step | D18: Blink, 8 m (scales) | E18: 0.1 s | F18: Teleport; passes through units and Bramble Walls, not terrain | G18: — | J18: 12 | K18: =IF(I18="","",ROUND(H18+I18*INDEX('Stats by level'!$G$5:$Z$32,MATCH($A18&"|Power",'Stats by level'!$A$5:$A$32,0),10),0)) | L18: =IF(I18="","",ROUND(H18+I18*INDEX('Stats by level'!$G$5:$Z$32,MATCH($A18&"|Power",'Stats by level'!$A$5:$A$32,0),20),0))
A19: Hollow | B19: R | C19: Null Pulse | D19: Circle, radius 6 m (scales) around self | E19: 0.3 s wind-up | F19: Silence 1.5 s | G19: 40 + 0.5 × P | H19: 40 | I19: 0.5 | J19: 20 | K19: =IF(I19="","",ROUND(H19+I19*INDEX('Stats by level'!$G$5:$Z$32,MATCH($A19&"|Power",'Stats by level'!$A$5:$A$32,0),10),0)) -> 98 | L19: =IF(I19="","",ROUND(H19+I19*INDEX('Stats by level'!$G$5:$Z$32,MATCH($A19&"|Power",'Stats by level'!$A$5:$A$32,0),20),0)) -> 145
A20: Thornrunner | B20: Basic | C20: claw rake | D20: melee, 2.5 m (scales) | E20: 1.6 hits/s | G20: claw rake · melee, 2.5 m (scales) · 1.6 hits/s · 0.8 × P. | H20: 0 | I20: 0.8 | K20: =IF(I20="","",ROUND(H20+I20*INDEX('Stats by level'!$G$5:$Z$32,MATCH($A20&"|Power",'Stats by level'!$A$5:$A$32,0),10),0)) -> 100 | L20: =IF(I20="","",ROUND(H20+I20*INDEX('Stats by level'!$G$5:$Z$32,MATCH($A20&"|Power",'Stats by level'!$A$5:$A$32,0),20),0)) -> 184
A21: Thornrunner | B21: Q | C21: Thorn Dash | D21: Line, 9 m (scales), passes through enemies | E21: 0.3 s | F21: Damages and applies bleed to every enemy passed | G21: 40 + 0.6 × P, then bleed 10 + 0.15 × P per second for 4 s | H21: 40 | I21: 0.6 | J21: 8 | K21: =IF(I21="","",ROUND(H21+I21*INDEX('Stats by level'!$G$5:$Z$32,MATCH($A21&"|Power",'Stats by level'!$A$5:$A$32,0),10),0)) -> 115 | L21: =IF(I21="","",ROUND(H21+I21*INDEX('Stats by level'!$G$5:$Z$32,MATCH($A21&"|Power",'Stats by level'!$A$5:$A$32,0),20),0)) -> 178
A22: Thornrunner | B22: E | C22: Mark Prey | D22: Target enemy within 25 m, line of sight | E22: Instant | F22: Reveals the target for 6 s and exposes its weak point from every angle to the whole team; triggers Co-Stalk | G22: — | J22: 16 | K22: =IF(I22="","",ROUND(H22+I22*INDEX('Stats by level'!$G$5:$Z$32,MATCH($A22&"|Power",'Stats by level'!$A$5:$A$32,0),10),0)) | L22: =IF(I22="","",ROUND(H22+I22*INDEX('Stats by level'!$G$5:$Z$32,MATCH($A22&"|Power",'Stats by level'!$A$5:$A$32,0),20),0))
A23: Thornrunner | B23: R | C23: Barb Volley | D23: Cone 60°, 8 m | E23: 0.2 s | F23: Fires 8 barbs; a close target can be hit by up to 5 | G23: 12 + 0.15 × P per barb | H23: 12 | I23: 0.15 | J23: 10 | K23: =IF(I23="","",ROUND(H23+I23*INDEX('Stats by level'!$G$5:$Z$32,MATCH($A23&"|Power",'Stats by level'!$A$5:$A$32,0),10),0)) -> 31 | L23: =IF(I23="","",ROUND(H23+I23*INDEX('Stats by level'!$G$5:$Z$32,MATCH($A23&"|Power",'Stats by level'!$A$5:$A$32,0),20),0)) -> 47
A24: Bonespire | B24: Basic | C24: bone shard | D24: ranged, 25 m | E24: 0.9 shots/s | G24: bone shard · ranged, 25 m · 0.9 shots/s · 1.1 × P · projectile speed 40 m/s. | H24: 0 | I24: 1.1 | K24: =IF(I24="","",ROUND(H24+I24*INDEX('Stats by level'!$G$5:$Z$32,MATCH($A24&"|Power",'Stats by level'!$A$5:$A$32,0),10),0)) -> 154 | L24: =IF(I24="","",ROUND(H24+I24*INDEX('Stats by level'!$G$5:$Z$32,MATCH($A24&"|Power",'Stats by level'!$A$5:$A$32,0),20),0)) -> 286
A25: Bonespire | B25: Q | C25: Spire Lance | D25: Skillshot, 40 m (Stage 2: 45 m; Stage 3: 50 m), width 0.6 m | E25: 0.6 s wind-up (a loud crack heard at 60 m); projectile 60 m/s | F25: Hits the first enemy. ×1.5 on a weak point; ×2.0 on an exposed (Marked) weak point; triggers Co-Stalk | G25: 90 + 1.2 × P | H25: 90 | I25: 1.2 | J25: 9 | K25: =IF(I25="","",ROUND(H25+I25*INDEX('Stats by level'!$G$5:$Z$32,MATCH($A25&"|Power",'Stats by level'!$A$5:$A$32,0),10),0)) -> 258 | L25: =IF(I25="","",ROUND(H25+I25*INDEX('Stats by level'!$G$5:$Z$32,MATCH($A25&"|Power",'Stats by level'!$A$5:$A$32,0),20),0)) -> 402
A26: Bonespire | B26: E | C26: Ossuary | D26: Fence, 8 m long (scales), placed up to 15 m away | E26: 0.3 s to rise; lasts 5 s | F26: Blocks movement (not projectiles); can be destroyed | G26: Fence Health 300 + 1.5 × P | H26: 300 | I26: 1.5 | J26: 16 | K26: =IF(I26="","",ROUND(H26+I26*INDEX('Stats by level'!$G$5:$Z$32,MATCH($A26&"|Power",'Stats by level'!$A$5:$A$32,0),10),0)) -> 510 | L26: =IF(I26="","",ROUND(H26+I26*INDEX('Stats by level'!$G$5:$Z$32,MATCH($A26&"|Power",'Stats by level'!$A$5:$A$32,0),20),0)) -> 690
A27: Bonespire | B27: R | C27: Calcify | D27: Projectile, 20 m | E27: 0.2 s | F27: Slows 25% for 3 s. A second hit within 3 s: slow 50%. A third: stun 1.0 s | G27: 25 + 0.3 × P | H27: 25 | I27: 0.3 | J27: 6 | K27: =IF(I27="","",ROUND(H27+I27*INDEX('Stats by level'!$G$5:$Z$32,MATCH($A27&"|Power",'Stats by level'!$A$5:$A$32,0),10),0)) -> 67 | L27: =IF(I27="","",ROUND(H27+I27*INDEX('Stats by level'!$G$5:$Z$32,MATCH($A27&"|Power",'Stats by level'!$A$5:$A$32,0),20),0)) -> 103
A28: Stillheart | B28: Basic | C28: frost swipe | D28: melee, 3 m (scales) | E28: 0.9 hits/s | G28: frost swipe · melee, 3 m (scales) · 0.9 hits/s · 0.9 × P · slows 10% for 1 s. | H28: 0 | I28: 0.9 | K28: =IF(I28="","",ROUND(H28+I28*INDEX('Stats by level'!$G$5:$Z$32,MATCH($A28&"|Power",'Stats by level'!$A$5:$A$32,0),10),0)) -> 77 | L28: =IF(I28="","",ROUND(H28+I28*INDEX('Stats by level'!$G$5:$Z$32,MATCH($A28&"|Power",'Stats by level'!$A$5:$A$32,0),20),0)) -> 135
A29: Stillheart | B29: Q | C29: Lull | D29: Cone 50°, 10 m (scales) | E29: 0.3 s | F29: Slow 40% for 2 s. A second Lull on the same target within 3 s: Drowse 1.0 s (broken by damage) | G29: 20 + 0.3 × P | H29: 20 | I29: 0.3 | J29: 7 | K29: =IF(I29="","",ROUND(H29+I29*INDEX('Stats by level'!$G$5:$Z$32,MATCH($A29&"|Power",'Stats by level'!$A$5:$A$32,0),10),0)) -> 46 | L29: =IF(I29="","",ROUND(H29+I29*INDEX('Stats by level'!$G$5:$Z$32,MATCH($A29&"|Power",'Stats by level'!$A$5:$A$32,0),20),0)) -> 65
A30: Stillheart | B30: E | C30: Hibernate | D30: Self or an ally within 12 m | E30: Instant; 2 s | F30: Ice stasis: invulnerable and untargetable, can't act. Carried cores are safe | G30: — | J30: 24 | K30: =IF(I30="","",ROUND(H30+I30*INDEX('Stats by level'!$G$5:$Z$32,MATCH($A30&"|Power",'Stats by level'!$A$5:$A$32,0),10),0)) | L30: =IF(I30="","",ROUND(H30+I30*INDEX('Stats by level'!$G$5:$Z$32,MATCH($A30&"|Power",'Stats by level'!$A$5:$A$32,0),20),0))
A31: Stillheart | B31: R | C31: Long Night | D31: Circle, radius 7 m (scales), up to 15 m away | E31: 0.5 s to form; lasts 5 s | F31: Enemy cooldowns tick 30% slower inside | G31: — | J31: 22 | K31: =IF(I31="","",ROUND(H31+I31*INDEX('Stats by level'!$G$5:$Z$32,MATCH($A31&"|Power",'Stats by level'!$A$5:$A$32,0),10),0)) | L31: =IF(I31="","",ROUND(H31+I31*INDEX('Stats by level'!$G$5:$Z$32,MATCH($A31&"|Power",'Stats by level'!$A$5:$A$32,0),20),0))
A33: Basic attack rows show damage per hit. Weak-point hits ×1.5 (Spec 01). Ranks, branch upgrades and passives are in Spec 02.

Sheet Ultimates
A1: Ultimate Forms (Spec 03) — damage at L20 Power
A3: Lineage | B3: Branch | C3: Ultimate | D3: Area / range | E3: Timing | F3: Effect | G3: Damage (text) | H3: Base | I3: Ratio × P | J3: Cooldown (s) | K3: Flagged | L3: Damage @ L20
A4: Titan | B4: Aggression | C4: Colossus Step | D4: Self; each step a quake of radius 4 m | E4: 6 s; a step every 0.7 s | F4: Size ×1.25; −20% damage taken; each step staggers 0.3 s (no CC immunity triggered) | G4: 30 + 0.3 × P per step | H4: 30 | I4: 0.3 | J4: 100 | L4: =IF(I4="","",ROUND(H4+I4*INDEX('Stats by level'!$G$5:$Z$32,MATCH($A4&"|Power",'Stats by level'!$A$5:$A$32,0),20),0)) -> 84
A5: Titan | B5: Aggression | C5: Avalanche | D5: Line, 30 m | E5: 3 s charge, unstoppable | F5: Rolls through everything; knocks enemies aside | G5: 100 + 1.0 × P to creatures; 600 + 3 × P to structures | H5: 100 | I5: 1 | J5: 110 | L5: =IF(I5="","",ROUND(H5+I5*INDEX('Stats by level'!$G$5:$Z$32,MATCH($A5&"|Power",'Stats by level'!$A$5:$A$32,0),20),0)) -> 280
A6: Titan | B6: Aggression | C6: Shatterfist | D6: Melee, 4 m | E6: 0.6 s wind-up | F6: If it hits a weak point, the weak point breaks instantly | G6: 150 + 1.5 × P | H6: 150 | I6: 1.5 | J6: 90 | K6: Yes | L6: =IF(I6="","",ROUND(H6+I6*INDEX('Stats by level'!$G$5:$Z$32,MATCH($A6&"|Power",'Stats by level'!$A$5:$A$32,0),20),0)) -> 420
A7: Titan | B7: Tactical | C7: Fortress | D7: Self + 120° cone behind, 6 m | E7: 6 s; can't move | F7: Titan takes −50% damage; allies behind take −40% | G7: — | J7: 100 | L7: =IF(I7="","",ROUND(H7+I7*INDEX('Stats by level'!$G$5:$Z$32,MATCH($A7&"|Power",'Stats by level'!$A$5:$A$32,0),20),0))
A8: Titan | B8: Tactical | C8: Fault Line | D8: Line, 25 m | E8: 0.8 s to crack; lasts 8 s | F8: Nodes on the Titan's side of the line can't be captured or uprooted by enemies; crossing the crack slows 50% | G8: — | J8: 120 | L8: =IF(I8="","",ROUND(H8+I8*INDEX('Stats by level'!$G$5:$Z$32,MATCH($A8&"|Power",'Stats by level'!$A$5:$A$32,0),20),0))
A9: Titan | B9: Tactical | C9: Mountain's Patience | D9: Self; becomes a platform of radius 6 m, height 6 m | E9: 3 s channel; lasts 10 s | F9: Titan is invulnerable and can't act; allies can climb it for high ground; can end early | G9: — | J9: 130 | L9: =IF(I9="","",ROUND(H9+I9*INDEX('Stats by level'!$G$5:$Z$32,MATCH($A9&"|Power",'Stats by level'!$A$5:$A$32,0),20),0))
A10: Brawler | B10: Aggression | C10: Frenzy | D10: Self | E10: 8 s | F10: +40% attack speed; 20% lifesteal (subject to the healing cap) | G10: — | J10: 90 | L10: =IF(I10="","",ROUND(H10+I10*INDEX('Stats by level'!$G$5:$Z$32,MATCH($A10&"|Power",'Stats by level'!$A$5:$A$32,0),20),0))
A11: Brawler | B11: Aggression | C11: Wrecking Rush | D11: Line, 20 m | E11: 1.5 s charge | F11: Smashes through a structure; knocks enemies back 5 m | G11: 80 + 0.8 × P to creatures; 800 + 3 × P to structures | H11: 80 | I11: 0.8 | J11: 110 | L11: =IF(I11="","",ROUND(H11+I11*INDEX('Stats by level'!$G$5:$Z$32,MATCH($A11&"|Power",'Stats by level'!$A$5:$A$32,0),20),0)) -> 272
A12: Brawler | B12: Aggression | C12: Last Stand | D12: Self | E12: 6 s | F12: Can't drop below 1 Health; at the end, heals 15% max Health if alive | G12: — | J12: 120 | L12: =IF(I12="","",ROUND(H12+I12*INDEX('Stats by level'!$G$5:$Z$32,MATCH($A12&"|Power",'Stats by level'!$A$5:$A$32,0),20),0))
A13: Brawler | B13: Tactical | C13: Pin | D13: Melee, 3 m; any Stage | E13: 3 s | F13: Both the Brawler and the target are stunned; allies deal +20% damage to the pinned target | G13: — | J13: 100 | L13: =IF(I13="","",ROUND(H13+I13*INDEX('Stats by level'!$G$5:$Z$32,MATCH($A13&"|Power",'Stats by level'!$A$5:$A$32,0),20),0))
A14: Brawler | B14: Tactical | C14: Brawl Circle | D14: Ring, radius 10 m around self | E14: 0.5 s to form; lasts 5 s | F14: No one can enter or leave (blocks movement and dashes, not projectiles) | G14: — | J14: 110 | L14: =IF(I14="","",ROUND(H14+I14*INDEX('Stats by level'!$G$5:$Z$32,MATCH($A14&"|Power",'Stats by level'!$A$5:$A$32,0),20),0))
A15: Brawler | B15: Tactical | C15: Shove of the Storm | D15: Cone 90°, 10 m | E15: 0.4 s wind-up | F15: Knockback 15 m; interrupts channels | G15: 60 + 0.6 × P | H15: 60 | I15: 0.6 | J15: 90 | L15: =IF(I15="","",ROUND(H15+I15*INDEX('Stats by level'!$G$5:$Z$32,MATCH($A15&"|Power",'Stats by level'!$A$5:$A$32,0),20),0)) -> 204
A16: Verdant | B16: Aggression | C16: Thornstorm | D16: Aura, radius 5 m | E16: 6 s | F16: Damage every 0.5 s to enemies nearby | G16: 40 + 0.4 × P per second | H16: 40 | I16: 0.4 | J16: 100 | L16: =IF(I16="","",ROUND(H16+I16*INDEX('Stats by level'!$G$5:$Z$32,MATCH($A16&"|Power",'Stats by level'!$A$5:$A$32,0),20),0)) -> 100
A17: Verdant | B17: Aggression | C17: Strangling Grove | D17: Target Hub or Enemy Core within 20 m | E17: 8 s | F17: Trees grow through the structure; enemies near it rooted 0.5 s when it starts | G17: 150 + 1.5 × P per second to the structure | H17: 150 | I17: 1.5 | J17: 120 | L17: =IF(I17="","",ROUND(H17+I17*INDEX('Stats by level'!$G$5:$Z$32,MATCH($A17&"|Power",'Stats by level'!$A$5:$A$32,0),20),0)) -> 375
A18: Verdant | B18: Aggression | C18: Sap Frenzy | D18: Allies within 15 m | E18: 10 s | F18: Spends up to 300 team SAP; allies gain +3% Power per 30 SAP spent (max +30%) | G18: — | J18: 100 | L18: =IF(I18="","",ROUND(H18+I18*INDEX('Stats by level'!$G$5:$Z$32,MATCH($A18&"|Power",'Stats by level'!$A$5:$A$32,0),20),0))
A19: Verdant | B19: Tactical | C19: Overgrowth | D19: Every Vulnerable or neutral node within 15 m | E19: Instant | F19: Captures them all for the Verdant's team | G19: — | J19: 140 | L19: =IF(I19="","",ROUND(H19+I19*INDEX('Stats by level'!$G$5:$Z$32,MATCH($A19&"|Power",'Stats by level'!$A$5:$A$32,0),20),0))
A20: Verdant | B20: Tactical | C20: Living Wall | D20: Wall, 40 m long, placed up to 20 m away | E20: 1.0 s to grow; lasts 15 s | F20: Blocks movement and projectiles; reshapes paths | G20: Wall Health 1,500 + 5 × P per 10 m segment | H20: 1500 | I20: 5 | J20: 120 | L20: =IF(I20="","",ROUND(H20+I20*INDEX('Stats by level'!$G$5:$Z$32,MATCH($A20&"|Power",'Stats by level'!$A$5:$A$32,0),20),0)) -> 2250
A21: Verdant | B21: Tactical | C21: Greenhome | D21: Circle, radius 12 m | E21: 10 s | F21: Allies heal 4% max Health/s (cap applies); enemies slowed 30% | G21: — | J21: 110 | L21: =IF(I21="","",ROUND(H21+I21*INDEX('Stats by level'!$G$5:$Z$32,MATCH($A21&"|Power",'Stats by level'!$A$5:$A$32,0),20),0))
A22: Hollow | B22: Aggression | C22: Collapse | D22: Circle, radius 6 m, up to 20 m away | E22: 1.0 s delay | F22: Pulls enemies toward the centre, then implodes | G22: 200 + 2.0 × P at the centre, falling to 50% at the edge | H22: 200 | I22: 2 | J22: 100 | L22: =IF(I22="","",ROUND(H22+I22*INDEX('Stats by level'!$G$5:$Z$32,MATCH($A22&"|Power",'Stats by level'!$A$5:$A$32,0),20),0)) -> 620
A23: Hollow | B23: Aggression | C23: Hollow Out | D23: Target enemy Hub within 20 m | E23: Instant | F23: Hub Defense Level −3 (minimum 1) for 45 s | G23: — | J23: 120 | L23: =IF(I23="","",ROUND(H23+I23*INDEX('Stats by level'!$G$5:$Z$32,MATCH($A23&"|Power",'Stats by level'!$A$5:$A$32,0),20),0))
A24: Hollow | B24: Aggression | C24: Unmaking | D24: Next 3 basic attacks within 6 s | E24: — | F24: Each hit removes all shields and buffs from the target and deals +50% damage | G24: +50% on 3 basics | J24: 90 | L24: =IF(I24="","",ROUND(H24+I24*INDEX('Stats by level'!$G$5:$Z$32,MATCH($A24&"|Power",'Stats by level'!$A$5:$A$32,0),20),0))
A25: Hollow | B25: Tactical | C25: Event Horizon | D25: Circle, radius 10 m, up to 15 m away | E25: 0.8 s delay | F25: Pulls all enemies to the centre; stagger 0.5 s | G25: 80 + 0.8 × P | H25: 80 | I25: 0.8 | J25: 110 | L25: =IF(I25="","",ROUND(H25+I25*INDEX('Stats by level'!$G$5:$Z$32,MATCH($A25&"|Power",'Stats by level'!$A$5:$A$32,0),20),0)) -> 248
A26: Hollow | B26: Tactical | C26: Silence of the Deep | D26: Circle, radius 15 m around self | E26: 4 s | F26: No one (allies included) can use abilities or Synergies; basic attacks allowed | G26: — | J26: 120 | L26: =IF(I26="","",ROUND(H26+I26*INDEX('Stats by level'!$G$5:$Z$32,MATCH($A26&"|Power",'Stats by level'!$A$5:$A$32,0),20),0))
A27: Hollow | B27: Tactical | C27: Step Between | D27: Allies within 10 m (and self) | E27: 2 s channel | F27: Teleports them all to any node the team holds | G27: — | J27: 150 | K27: Yes | L27: =IF(I27="","",ROUND(H27+I27*INDEX('Stats by level'!$G$5:$Z$32,MATCH($A27&"|Power",'Stats by level'!$A$5:$A$32,0),20),0))
A28: Thornrunner | B28: Aggression | C28: Hunt Frenzy | D28: Self; whole map | E28: 10 s | F28: +30% speed; all enemies carrying 200+ cores revealed; +15% damage to them | G28: — | J28: 100 | L28: =IF(I28="","",ROUND(H28+I28*INDEX('Stats by level'!$G$5:$Z$32,MATCH($A28&"|Power",'Stats by level'!$A$5:$A$32,0),20),0))
A29: Thornrunner | B29: Aggression | C29: Gut the Hoard | D29: Melee, 3 m | E29: 0.3 s | F29: Target drops 50% of its carried cores on the ground | G29: 120 + 1.0 × P | H29: 120 | I29: 1 | J29: 90 | L29: =IF(I29="","",ROUND(H29+I29*INDEX('Stats by level'!$G$5:$Z$32,MATCH($A29&"|Power",'Stats by level'!$A$5:$A$32,0),20),0)) -> 350
A30: Thornrunner | B30: Aggression | C30: Endless Pursuit | D30: Self | E30: 8 s | F30: Takedowns reset all Q/E/R cooldowns | G30: — | J30: 110 | L30: =IF(I30="","",ROUND(H30+I30*INDEX('Stats by level'!$G$5:$Z$32,MATCH($A30&"|Power",'Stats by level'!$A$5:$A$32,0),20),0))
A31: Thornrunner | B31: Tactical | C31: Pack Hunt | D31: Team | E31: 8 s | F31: Resets Mark Prey; while the mark lasts, all allies see its weak point and move +20% toward it | G31: — | J31: 100 | L31: =IF(I31="","",ROUND(H31+I31*INDEX('Stats by level'!$G$5:$Z$32,MATCH($A31&"|Power",'Stats by level'!$A$5:$A$32,0),20),0))
A32: Thornrunner | B32: Tactical | C32: Thicket Trap | D32: 3 snares on nodes within 30 m | E32: Hidden for 60 s | F32: An enemy stepping on a snare is rooted 1.5 s and revealed 5 s | G32: 40 + 0.4 × P | H32: 40 | I32: 0.4 | J32: 110 | L32: =IF(I32="","",ROUND(H32+I32*INDEX('Stats by level'!$G$5:$Z$32,MATCH($A32&"|Power",'Stats by level'!$A$5:$A$32,0),20),0)) -> 132
A33: Thornrunner | B33: Tactical | C33: Scent Trail | D33: Every cell the team holds | E33: 20 s | F33: Every enemy standing on the team's territory is revealed | G33: — | J33: 120 | L33: =IF(I33="","",ROUND(H33+I33*INDEX('Stats by level'!$G$5:$Z$32,MATCH($A33&"|Power",'Stats by level'!$A$5:$A$32,0),20),0))
A34: Bonespire | B34: Aggression | C34: Marrow Barrage | D34: 5 lances, 50 m | E34: Over 3 s | F34: Each can hit a weak point (×1.5, or ×2.0 if exposed) | G34: 70 + 0.9 × P per lance | H34: 70 | I34: 0.9 | J34: 100 | L34: =IF(I34="","",ROUND(H34+I34*INDEX('Stats by level'!$G$5:$Z$32,MATCH($A34&"|Power",'Stats by level'!$A$5:$A$32,0),20),0)) -> 304
A35: Bonespire | B35: Aggression | C35: Siege Spire | D35: Lance, 60 m | E35: 3.0 s wind-up | F35: Huge lance; ×3 damage to structures | G35: 150 + 1.5 × P; (150 + 1.5 × P) × 3 to structures | H35: 150 | I35: 1.5 | J35: 110 | L35: =IF(I35="","",ROUND(H35+I35*INDEX('Stats by level'!$G$5:$Z$32,MATCH($A35&"|Power",'Stats by level'!$A$5:$A$32,0),20),0)) -> 540
A36: Bonespire | B36: Aggression | C36: Rememberer's Aim | D36: Self | E36: 8 s | F36: Every hit counts as a weak-point hit (×1.5) | G36: ×1.5 on all hits | J36: 110 | L36: =IF(I36="","",ROUND(H36+I36*INDEX('Stats by level'!$G$5:$Z$32,MATCH($A36&"|Power",'Stats by level'!$A$5:$A$32,0),20),0))
A37: Bonespire | B37: Tactical | C37: Bone Cathedral | D37: Self; turret range 30 m | E37: 10 s; can't move | F37: Fires at structures (priority) and enemies in range | G37: 100 + 1.0 × P per second to structures; 40 + 0.4 × P per second to creatures | H37: 100 | I37: 1 | J37: 120 | L37: =IF(I37="","",ROUND(H37+I37*INDEX('Stats by level'!$G$5:$Z$32,MATCH($A37&"|Power",'Stats by level'!$A$5:$A$32,0),20),0)) -> 360
A38: Bonespire | B38: Tactical | C38: Ossuary Maze | D38: 6 fences in a 15 m radius | E38: 0.5 s to rise; lasts 10 s | F38: Reshapes an area into a maze | G38: Fence Health as Ossuary | J38: 120 | L38: =IF(I38="","",ROUND(H38+I38*INDEX('Stats by level'!$G$5:$Z$32,MATCH($A38&"|Power",'Stats by level'!$A$5:$A$32,0),20),0))
A39: Bonespire | B39: Tactical | C39: Fossilise | D39: Target enemy within 20 m | E39: 0.4 s | F39: Stun 2 s, not reduced by Tenacity; the target's allies can break the stone early (Health 300 + 2 × P) | G39: — | J39: 110 | L39: =IF(I39="","",ROUND(H39+I39*INDEX('Stats by level'!$G$5:$Z$32,MATCH($A39&"|Power",'Stats by level'!$A$5:$A$32,0),20),0))
A40: Stillheart | B40: Aggression | C40: Killing Frost | D40: Cone 70°, 15 m | E40: 0.5 s wind-up | F40: Freezes enemies (stun 1.5 s); the first hit on a frozen target shatters the ice for bonus damage | G40: 150 + 1.5 × P on shatter | H40: 150 | I40: 1.5 | J40: 100 | L40: =IF(I40="","",ROUND(H40+I40*INDEX('Stats by level'!$G$5:$Z$32,MATCH($A40&"|Power",'Stats by level'!$A$5:$A$32,0),20),0)) -> 375
A41: Stillheart | B41: Aggression | C41: Rime March | D41: Self; ice 4 m around | E41: 8 s | F41: Enemy nodes whose core cell the ice touches become Vulnerable for 15 s | G41: — | J41: 110 | L41: =IF(I41="","",ROUND(H41+I41*INDEX('Stats by level'!$G$5:$Z$32,MATCH($A41&"|Power",'Stats by level'!$A$5:$A$32,0),20),0))
A42: Stillheart | B42: Aggression | C42: Avalanche Heart | D42: Circle, radius 10 m around self | E42: 1.0 s wind-up | F42: Explosion of cold; slows 50% for 2 s; Stillheart loses 30% of current Health | G42: 300 + 2.5 × P | H42: 300 | I42: 2.5 | J42: 100 | L42: =IF(I42="","",ROUND(H42+I42*INDEX('Stats by level'!$G$5:$Z$32,MATCH($A42&"|Power",'Stats by level'!$A$5:$A$32,0),20),0)) -> 675
A43: Stillheart | B43: Tactical | C43: The Deep Sleep | D43: Circle, radius 15 m, up to 15 m away | E43: 6 s | F43: All capture and uproot progress inside is frozen | G43: — | J43: 130 | L43: =IF(I43="","",ROUND(H43+I43*INDEX('Stats by level'!$G$5:$Z$32,MATCH($A43&"|Power",'Stats by level'!$A$5:$A$32,0),20),0))
A44: Stillheart | B44: Tactical | C44: Winter's Wall | D44: Wall, 30 m long | E44: 0.8 s to rise; lasts 8 s | F44: Blocks all movement and projectiles | G44: Wall Health 1,200 + 5 × P per 10 m segment | H44: 1200 | I44: 5 | J44: 110 | L44: =IF(I44="","",ROUND(H44+I44*INDEX('Stats by level'!$G$5:$Z$32,MATCH($A44&"|Power",'Stats by level'!$A$5:$A$32,0),20),0)) -> 1950
A45: Stillheart | B45: Tactical | C45: Long Dream | D45: Allies within 15 m | E45: 2 s | F45: All enter Hibernate, then heal 20% max Health | G45: Heal 20% max Health | J45: 150 | L45: =IF(I45="","",ROUND(H45+I45*INDEX('Stats by level'!$G$5:$Z$32,MATCH($A45&"|Power",'Stats by level'!$A$5:$A$32,0),20),0))
A47: Count of Ultimates (should be 42): | C47: =COUNTA(C4:C45) -> 42
A48: Average cooldown (s): | C48: =ROUND(AVERAGE(J4:J45),1) -> 110.7
A49: Damage @ L20 is the per-hit / per-second / per-step value as the Damage text describes; structure multipliers are in the text.

Sheet Synergies
A1: Pair Synergies and phase matrix (Spec 02 §9)
A3: Synergy | B3: Pair | C3: Unlock level | D3: Trigger | E3: Effect | F3: Cooldown S1 (s) | G3: Cooldown S2 (s) | H3: Cooldown S3 (s)
A4: Void Garden | B4: Verdant + Hollow | C4: 12 | D4: Void Rift on ground the Verdant rooted, or the Verdant roots inside a Void Rift | E4: Field radius 8 m, 6 s: enemies −50% Control and can't capture; allied nodes inside can't be uprooted; neutral/Vulnerable nodes inside captured 50% faster | F4: 15 | G4: 12 | H4: 9
A5: Co-Stalk | B5: Thornrunner + Bonespire | C5: 15 | D5: Spire Lance within 4 s of Mark Prey on the same target | E5: The Lance homes to the weak point (within 15° of aim); on hit, weak point breaks instantly; target revealed 4 s more | F5: 15 | G5: 12 | H5: 9
A6: Smash & Roll | B6: Titan + Brawler | C6: 18 | D6: Roll Commit begins within 1.5 s of Quake Slam staggering the target | E6: Target Airborne 1.0 s; takes +40% damage from both partners; both gain 30 Momentum (Brawler) / 30% Quake Slam cooldown refund (Titan) | F6: 15 | G6: 12 | H6: 9
A9: Phase matrix — cooldown (s) by phase; "Locked" = unusable
A10: Phase | B10: S1 | C10: S2 | D10: S3
A11: 1 · Stable Flow | B11: =F4 -> 15 | C11: =G4 -> 12 | D11: =H4 -> 9
A12: 2 · Pre-Aggro | B12: =F4 -> 15 | C12: =G4 -> 12 | D12: =H4 -> 9
A13: 3 · Resource Stage | B13: Locked | C13: 31 | D13: 20
A14: 4 · Hunt | B14: Locked | C14: Locked | D14: 9
A16: Lullaby Resonance (Stillheart within 15 m): Synergy cooldowns − | E16: 0.1
A17: Example: Phase 3 S3 cooldown with Lullaby Resonance (s) | E17: =D13*(1-E16) -> 18

Sheet Creatures
A1: Creatures (Spec 04) — Health by phase and affinity cores
A2: Phase multipliers → | C2: P1 | D2: 1 | E2: P2 | F2: 1.15 | G2: P3 | H2: 1.3 | I2: P4 | J2: 1.45 | K2: Affinity | L2: 1.25
A3: # | B3: Creature | C3: Group | D3: Tier | E3: Health (Phase 1) | F3: Hit damage | G3: Speed (m/s) | H3: Group size | I3: Cores (text) | J3: Cores | K3: SAP | L3: Key numbers | M3: Health P2 | N3: Health P3 | O3: Health P4 | P3: Cores with affinity
A4: 1 | B4: Mossback Grazer | C4: Four-legged | D4: II | E4: 900 | F4: — (passive) | G4: 3.5 | H4: Herd of 4 | I4: 45 each | J4: 45 | K4: 0 | L4: Grazing on an enemy cell adds 5% uproot progress/s (about 20 s a cell). Herding: a player within 6 m behind the herd pushes it forward at 3.5 m/s | M4: =IF(ISNUMBER(E4),ROUND(E4*$F$2,0),"—") -> 1035 | N4: =IF(ISNUMBER(E4),ROUND(E4*$H$2,0),"—") -> 1170 | O4: =IF(ISNUMBER(E4),ROUND(E4*$J$2,0),"—") -> 1305 | P4: =ROUND(J4*$L$2,0) -> 56
A5: 2 | B5: Ashfang | C5: Four-legged | D5: II | E5: 700 | F5: 50 / 1.0 s | G5: 7 | H5: Pack of 3 | I5: 50 each | J5: 50 | K5: 0 | L5: Hunts any player below 30% Health within 40 m; +30% damage to them | M5: =IF(ISNUMBER(E5),ROUND(E5*$F$2,0),"—") -> 805 | N5: =IF(ISNUMBER(E5),ROUND(E5*$H$2,0),"—") -> 910 | O5: =IF(ISNUMBER(E5),ROUND(E5*$J$2,0),"—") -> 1015 | P5: =ROUND(J5*$L$2,0) -> 63
A6: 3 | B6: Stonehide Ox | C6: Four-legged | D6: III | E6: 3500 | F6: 140 | G6: 4 | H6: Solo | I6: 160 + 20 SAP | J6: 160 | K6: 20 | L6: Charge: 25 m line at 10 m/s, 200 damage, knockdown (stun 1.0 s) to everything hit, creatures included; cooldown 10 s | M6: =IF(ISNUMBER(E6),ROUND(E6*$F$2,0),"—") -> 4025 | N6: =IF(ISNUMBER(E6),ROUND(E6*$H$2,0),"—") -> 4550 | O6: =IF(ISNUMBER(E6),ROUND(E6*$J$2,0),"—") -> 5075 | P6: =ROUND(J6*$L$2,0) -> 200
A7: 4 | B7: Glimmerfox | C7: Four-legged | D7: I | E7: 150 | F7: — | G7: 8 | H7: Solo | I7: 20 | J7: 20 | K7: 0 | L7: Invisible after 2 s still. Killing it reveals enemies within 15 m for 6 s (Thornrunner: 25 m) | M7: =IF(ISNUMBER(E7),ROUND(E7*$F$2,0),"—") -> 173 | N7: =IF(ISNUMBER(E7),ROUND(E7*$H$2,0),"—") -> 195 | O7: =IF(ISNUMBER(E7),ROUND(E7*$J$2,0),"—") -> 218 | P7: =ROUND(J7*$L$2,0) -> 25
A8: 5 | B8: Marrowhound | C8: Four-legged | D8: II | E8: 800 | F8: 45 | G8: 6.5 | H8: Pair | I8: 50 each | J8: 50 | K8: 0 | L8: Eats dropped cores within 20 m (40 cores/s), holds up to 300, drops all on death | M8: =IF(ISNUMBER(E8),ROUND(E8*$F$2,0),"—") -> 920 | N8: =IF(ISNUMBER(E8),ROUND(E8*$H$2,0),"—") -> 1040 | O8: =IF(ISNUMBER(E8),ROUND(E8*$J$2,0),"—") -> 1160 | P8: =ROUND(J8*$L$2,0) -> 63
A9: 6 | B9: Duskmane | C9: Four-legged | D9: III | E9: 2600 | F9: 130 | G9: 5.5 | H9: Solo | I9: 150 + 20 SAP | J9: 150 | K9: 20 | L9: Stealthed in fog; pounce from 12 m: 180 damage + stun 0.8 s, cooldown 10 s; targets lone players (no ally within 15 m). Drops a Void Pelt: +10% Control for 60 s (Hollow: +15%) | M9: =IF(ISNUMBER(E9),ROUND(E9*$F$2,0),"—") -> 2990 | N9: =IF(ISNUMBER(E9),ROUND(E9*$H$2,0),"—") -> 3380 | O9: =IF(ISNUMBER(E9),ROUND(E9*$J$2,0),"—") -> 3770 | P9: =ROUND(J9*$L$2,0) -> 188
A10: 7 | B10: Burrowtusk | C10: Four-legged | D10: II | E10: 1000 | F10: 55 | G10: 5 | H10: Solo | I10: 50 | J10: 50 | K10: 0 | L10: Digs a tunnel between two nodes up to 80 m apart; lasts 60 s; one every 120 s; 1.5 s to travel through | M10: =IF(ISNUMBER(E10),ROUND(E10*$F$2,0),"—") -> 1150 | N10: =IF(ISNUMBER(E10),ROUND(E10*$H$2,0),"—") -> 1300 | O10: =IF(ISNUMBER(E10),ROUND(E10*$J$2,0),"—") -> 1450 | P10: =ROUND(J10*$L$2,0) -> 63
A11: 8 | B11: Greyback Colossus | C11: Four-legged | D11: IV | E11: 30000 | F11: Stomp 300, radius 6 m, every 6 s | G11: 2.5 | H11: Solo | I11: 400 + 100 SAP | J11: 400 | K11: 100 | L11: Its back is a 3-cell moving node (4 s root channel, Inaccessible while it's in enemy-only territory). Back reached by its tail ramp | M11: =IF(ISNUMBER(E11),ROUND(E11*$F$2,0),"—") -> 34500 | N11: =IF(ISNUMBER(E11),ROUND(E11*$H$2,0),"—") -> 39000 | O11: =IF(ISNUMBER(E11),ROUND(E11*$J$2,0),"—") -> 43500 | P11: =ROUND(J11*$L$2,0) -> 500
A12: 45 | B12: Mossback Calves | C12: Four-legged | D12: I | E12: 200 | F12: — | G12: 3.5 | H12: 1–2 per herd (Bloom only) | I12: 15 | J12: 15 | K12: 0 | L12: Harming one makes its herd territorial for 60 s: Grazers attack for 45 / 1.2 s | M12: =IF(ISNUMBER(E12),ROUND(E12*$F$2,0),"—") -> 230 | N12: =IF(ISNUMBER(E12),ROUND(E12*$H$2,0),"—") -> 260 | O12: =IF(ISNUMBER(E12),ROUND(E12*$J$2,0),"—") -> 290 | P12: =ROUND(J12*$L$2,0) -> 19
A13: 49 | B13: Cinder Salamander | C13: Four-legged | D13: II | E13: 600 | F13: — | G13: 5 | H13: 4–6 per map | I13: 45 | J13: 45 | K13: 0 | L13: Dives at 10 m. On death leaves a cooling-rock stepping stone (3 m) for 45 s (Titan: 90 s) | M13: =IF(ISNUMBER(E13),ROUND(E13*$F$2,0),"—") -> 690 | N13: =IF(ISNUMBER(E13),ROUND(E13*$H$2,0),"—") -> 780 | O13: =IF(ISNUMBER(E13),ROUND(E13*$J$2,0),"—") -> 870 | P13: =ROUND(J13*$L$2,0) -> 56
A14: 53 | B14: Heartwood Elk | C14: Four-legged | D14: IV | E14: Invulnerable | F14: — | G14: 2 | H14: 0–1 per match | I14: 0 | J14: 0 | K14: 0 | L14: In a Heartwood grove, roots spread ×3 for 30 s for whoever holds the grove. Ignores combat; can't be infected | M14: =IF(ISNUMBER(E14),ROUND(E14*$F$2,0),"—") -> — | N14: =IF(ISNUMBER(E14),ROUND(E14*$H$2,0),"—") -> — | O14: =IF(ISNUMBER(E14),ROUND(E14*$J$2,0),"—") -> — | P14: =ROUND(J14*$L$2,0) -> 0
A15: 9 | B15: Strays (wild Kith) | C15: Two-legged | D15: I | E15: 200 | F15: 15 | G15: 5.5 | H15: Group of 3 | I15: 15 each | J15: 15 | K15: 0 | L15: Evolve after 300 s unharmed within 30 m of held territory (Hushed Strays: 180 s). See Wild evolution below | M15: =IF(ISNUMBER(E15),ROUND(E15*$F$2,0),"—") -> 230 | N15: =IF(ISNUMBER(E15),ROUND(E15*$H$2,0),"—") -> 260 | O15: =IF(ISNUMBER(E15),ROUND(E15*$J$2,0),"—") -> 290 | P15: =ROUND(J15*$L$2,0) -> 19
A16: 10 | B16: Strider Crane | C16: Two-legged | D16: I | E16: 120 | F16: — | G16: 9 | H16: Flock of 6–8 | I16: 10 each | J16: 10 | K16: 0 | L16: Startled at 10 m (Hollow, Thornrunner: 5 m). Startling reveals the startler for 4 s to everyone | M16: =IF(ISNUMBER(E16),ROUND(E16*$F$2,0),"—") -> 138 | N16: =IF(ISNUMBER(E16),ROUND(E16*$H$2,0),"—") -> 156 | O16: =IF(ISNUMBER(E16),ROUND(E16*$J$2,0),"—") -> 174 | P16: =ROUND(J16*$L$2,0) -> 13
A17: 11 | B17: Rootwalker | C17: Two-legged | D17: II | E17: 1200 | F17: 60 / 1.6 s | G17: 3 | H17: Solo, on a neutral node | I17: 60 | J17: 60 | K17: 0 | L17: The node can't be rooted while it lives. Calm (Verdant only): 3 s channel, removes it for 120 s without a fight; gives 60 cores | M17: =IF(ISNUMBER(E17),ROUND(E17*$F$2,0),"—") -> 1380 | N17: =IF(ISNUMBER(E17),ROUND(E17*$H$2,0),"—") -> 1560 | O17: =IF(ISNUMBER(E17),ROUND(E17*$J$2,0),"—") -> 1740 | P17: =ROUND(J17*$L$2,0) -> 75
A18: 12 | B18: Knucklebrute | C18: Two-legged | D18: III | E18: 3000 | F18: 160 | G18: 5 | H18: Solo | I18: 170 + 20 SAP | J18: 170 | K18: 20 | L18: Challenges the first player within 20 m. Winning alone (no ally damage) gives Momentum: +10% damage and +10% speed for 30 s | M18: =IF(ISNUMBER(E18),ROUND(E18*$F$2,0),"—") -> 3450 | N18: =IF(ISNUMBER(E18),ROUND(E18*$H$2,0),"—") -> 3900 | O18: =IF(ISNUMBER(E18),ROUND(E18*$J$2,0),"—") -> 4350 | P18: =ROUND(J18*$L$2,0) -> 213
A19: 13 | B19: Hollowmonk | C19: Two-legged | D19: II | E19: 900 | F19: — | G19: 3 | H19: Solo | I19: 55 | J19: 55 | K19: 0 | L19: Aura 12 m: all capture and uproot progress paused | M19: =IF(ISNUMBER(E19),ROUND(E19*$F$2,0),"—") -> 1035 | N19: =IF(ISNUMBER(E19),ROUND(E19*$H$2,0),"—") -> 1170 | O19: =IF(ISNUMBER(E19),ROUND(E19*$J$2,0),"—") -> 1305 | P19: =ROUND(J19*$L$2,0) -> 69
A20: 14 | B20: Spurlark | C20: Two-legged | D20: I | E20: 160 | F20: — | G20: 10 | H20: Solo | I20: 40 (double) | J20: 40 | K20: 0 | L20: Hard to catch; flees on a curving path | M20: =IF(ISNUMBER(E20),ROUND(E20*$F$2,0),"—") -> 184 | N20: =IF(ISNUMBER(E20),ROUND(E20*$H$2,0),"—") -> 208 | O20: =IF(ISNUMBER(E20),ROUND(E20*$J$2,0),"—") -> 232 | P20: =ROUND(J20*$L$2,0) -> 50
A21: 15 | B21: Bonewright | C21: Two-legged | D21: III | E21: 2400 | F21: 120 | G21: 3.5 | H21: Solo + 3 totems | I21: 150 + 20 SAP | J21: 150 | K21: 20 | L21: Totems: 400 Health each, within 15 m; each gives wildlife nearby +10% damage and −10% damage taken (stacks to 3). Bonewright takes −60% damage while any totem stands. Rebuilds one totem every 20 s | M21: =IF(ISNUMBER(E21),ROUND(E21*$F$2,0),"—") -> 2760 | N21: =IF(ISNUMBER(E21),ROUND(E21*$H$2,0),"—") -> 3120 | O21: =IF(ISNUMBER(E21),ROUND(E21*$J$2,0),"—") -> 3480 | P21: =ROUND(J21*$L$2,0) -> 188
A22: 16 | B22: The Old Tall | C22: Two-legged | D22: IV | E22: 25000 | F22: Kick 350, cone 6 m | G22: 2 | H22: Solo | I22: 400 + 100 SAP | J22: 400 | K22: 100 | L22: Walks Hub to Hub. Tension ×3 within 30 m. Planet Pulse version hunts Blightborn for 45 s, then leaves (no kill required) | M22: =IF(ISNUMBER(E22),ROUND(E22*$F$2,0),"—") -> 28750 | N22: =IF(ISNUMBER(E22),ROUND(E22*$H$2,0),"—") -> 32500 | O22: =IF(ISNUMBER(E22),ROUND(E22*$J$2,0),"—") -> 36250 | P22: =ROUND(J22*$L$2,0) -> 500
A23: 44 | B23: Seedcaller | C23: Two-legged | D23: II | E23: 700 | F23: — | G23: 6 | H23: Solo | I23: 45 | J23: 45 | K23: 0 | L23: Regrows 1 neutral cell per 10 s along its path, even from Scald | M23: =IF(ISNUMBER(E23),ROUND(E23*$F$2,0),"—") -> 805 | N23: =IF(ISNUMBER(E23),ROUND(E23*$H$2,0),"—") -> 910 | O23: =IF(ISNUMBER(E23),ROUND(E23*$J$2,0),"—") -> 1015 | P23: =ROUND(J23*$L$2,0) -> 56
A24: 47 | B24: Drift Owlbear | C24: Two-legged | D24: III | E24: 3400 | F24: 170 | G24: 5 | H24: 2–3 drifts per map | I24: 170 + 20 SAP | J24: 170 | K24: 20 | L24: Wakes when a player steps within 3 m of its drift; rampages 20 s on the nearest creature, then sleeps if unharmed | M24: =IF(ISNUMBER(E24),ROUND(E24*$F$2,0),"—") -> 3910 | N24: =IF(ISNUMBER(E24),ROUND(E24*$H$2,0),"—") -> 4420 | O24: =IF(ISNUMBER(E24),ROUND(E24*$J$2,0),"—") -> 4930 | P24: =ROUND(J24*$L$2,0) -> 213
A25: 50 | B25: Ash Vulture | C25: Two-legged | D25: I | E25: 150 | F25: — | G25: 8 | H25: 3–8 | I25: 15 | J25: 15 | K25: 0 | L25: Circles any spot with combat in the last 10 s; lands only on bodies | M25: =IF(ISNUMBER(E25),ROUND(E25*$F$2,0),"—") -> 173 | N25: =IF(ISNUMBER(E25),ROUND(E25*$H$2,0),"—") -> 195 | O25: =IF(ISNUMBER(E25),ROUND(E25*$J$2,0),"—") -> 218 | P25: =ROUND(J25*$L$2,0) -> 19
A26: 52 | B26: Shard Gull | C26: Two-legged | D26: I | E26: 120 | F26: 10 (mobs nest intruders) | G26: 8 | H26: Flock of 6–10 | I26: 15 + a Starshard (30 cores, Thornrunner: 40) | J26: 15 | K26: 0 | L26: Mobs anything within 8 m of its nest | M26: =IF(ISNUMBER(E26),ROUND(E26*$F$2,0),"—") -> 138 | N26: =IF(ISNUMBER(E26),ROUND(E26*$H$2,0),"—") -> 156 | O26: =IF(ISNUMBER(E26),ROUND(E26*$J$2,0),"—") -> 174 | P26: =ROUND(J26*$L$2,0) -> 19
... A30: 20 | B30: Gravel Skink | C30: Six-legged | D30: I | E30: 180 | F30: — | G30: 6 | H30: 2–4 | I30: 15 | J30: 15 | K30: 0 | L30: Burrows for 5 s when a player comes within 6 m | M30: =IF(ISNUMBER(E30),ROUND(E30*$F$2,0),"—") -> 207 | N30: =IF(ISNUMBER(E30),ROUND(E30*$H$2,0),"—") -> 234 | O30: =IF(ISNUMBER(E30),ROUND(E30*$J$2,0),"—") -> 261 | P30: =ROUND(J30*$L$2,0) -> 19
A31: 21 | B31: Hexmaw | C31: Six-legged | D31: III | E31: 2800 | F31: 60/s while holding | H31: Solo | I31: 160 + 20 SAP | J31: 160 | K31: 20 | L31: Drag: grabs a player within 10 m, pulls 2 m/s toward its mouth; grip broken by 400 damage to the tentacle (ally) or any stagger on the Hexmaw; cooldown 12 s | M31: =IF(ISNUMBER(E31),ROUND(E31*$F$2,0),"—") -> 3220 | N31: =IF(ISNUMBER(E31),ROUND(E31*$H$2,0),"—") -> 3640 | O31: =IF(ISNUMBER(E31),ROUND(E31*$J$2,0),"—") -> 4060 | P31: =ROUND(J31*$L$2,0) -> 200
A32: 22 | B32: Sapdrinker | C32: Six-legged | D32: II | E32: 700 | F32: — | G32: 2.5 | H32: Solo, on a node | I32: 45 | J32: 45 | K32: 0 | L32: Drains 1 SAP/s from the team holding its node (Verdant kill: +30 SAP) | M32: =IF(ISNUMBER(E32),ROUND(E32*$F$2,0),"—") -> 805 | N32: =IF(ISNUMBER(E32),ROUND(E32*$H$2,0),"—") -> 910 | O32: =IF(ISNUMBER(E32),ROUND(E32*$J$2,0),"—") -> 1015 | P32: =ROUND(J32*$L$2,0) -> 56
A33: 23 | B33: Rimeback Stag | C33: Six-legged | D33: II | E33: 800 | F33: — | G33: 8 | H33: Herd of 5 | I33: 45 each | J33: 45 | K33: 0 | L33: Killing one starts a stampede 25 m: 80 damage + 4 m knockback to anyone in the path | M33: =IF(ISNUMBER(E33),ROUND(E33*$F$2,0),"—") -> 920 | N33: =IF(ISNUMBER(E33),ROUND(E33*$H$2,0),"—") -> 1040 | O33: =IF(ISNUMBER(E33),ROUND(E33*$J$2,0),"—") -> 1160 | P33: =ROUND(J33*$L$2,0) -> 56
A34: 24 | B34: Sixfold Wyrm | C34: Six-legged | D34: IV | E34: 28000 | F34: Bite 400 · tail sweep 250, radius 8 m | G34: 6 | H34: Solo | I34: 400 + 100 SAP | J34: 400 | K34: 100 | L34: Bursts out at 100 Tension in that region. Burrows and resurfaces every 20 s near the loudest player (lure it). Murmur Surge version hunts Wildborn for 45 s | M34: =IF(ISNUMBER(E34),ROUND(E34*$F$2,0),"—") -> 32200 | N34: =IF(ISNUMBER(E34),ROUND(E34*$H$2,0),"—") -> 36400 | O34: =IF(ISNUMBER(E34),ROUND(E34*$J$2,0),"—") -> 40600 | P34: =ROUND(J34*$L$2,0) -> 500
A35: 41 | B35: Cairnshell | C35: Six-legged | D35: II | E35: 1100 | F35: — | G35: 2.5 | H35: 2–3 | I35: 50 | J35: 50 | K35: 0 | L35: Drops its boulder when startled or killed: cover 3 m wide, 1,000 Health. A Titan can throw it 20 m: 150 + 0.5 × P, stun 0.5 s | M35: =IF(ISNUMBER(E35),ROUND(E35*$F$2,0),"—") -> 1265 | N35: =IF(ISNUMBER(E35),ROUND(E35*$H$2,0),"—") -> 1430 | O35: =IF(ISNUMBER(E35),ROUND(E35*$J$2,0),"—") -> 1595 | P35: =ROUND(J35*$L$2,0) -> 63
A36: 46 | B36: Emberbark | C36: Six-legged | D36: III | E36: 3200 | F36: 140 | G36: 4 | H36: Solo | I36: 160 + 20 SAP | J36: 160 | K36: 20 | L36: Immune to burning; ×2 damage to Clamor creatures; attacks them first | M36: =IF(ISNUMBER(E36),ROUND(E36*$F$2,0),"—") -> 3680 | N36: =IF(ISNUMBER(E36),ROUND(E36*$H$2,0),"—") -> 4160 | O36: =IF(ISNUMBER(E36),ROUND(E36*$J$2,0),"—") -> 4640 | P36: =ROUND(J36*$L$2,0) -> 200
A37: 51 | B37: Tidal Strider | C37: Six-legged | D37: II | E37: 1300 | F37: — | G37: 3 | H37: 2–3 at high tide | I37: 55 | J37: 55 | K37: 0 | L37: Players beneath it (radius 4 m) are hidden from the enemy minimap and from sight beyond 10 m | M37: =IF(ISNUMBER(E37),ROUND(E37*$F$2,0),"—") -> 1495 | N37: =IF(ISNUMBER(E37),ROUND(E37*$H$2,0),"—") -> 1690 | O37: =IF(ISNUMBER(E37),ROUND(E37*$J$2,0),"—") -> 1885 | P37: =ROUND(J37*$L$2,0) -> 69
A38: 25 | B38: Weavemother | C38: Eight-legged | D38: III | E38: 2600 | F38: 120 | G38: 4 | H38: Solo | I38: 150 + 20 SAP | J38: 150 | K38: 20 | L38: Webs a node every 60 s: Inaccessible until cut (8 s channel) or burned (any burn removes it in 2 s) | M38: =IF(ISNUMBER(E38),ROUND(E38*$F$2,0),"—") -> 2990 | N38: =IF(ISNUMBER(E38),ROUND(E38*$H$2,0),"—") -> 3380 | O38: =IF(ISNUMBER(E38),ROUND(E38*$J$2,0),"—") -> 3770 | P38: =ROUND(J38*$L$2,0) -> 188
A39: 26 | B39: Threadlings | C39: Eight-legged | D39: I | E39: 40 | F39: 5 | G39: 5 | H39: Swarm of 12 | I39: 24 per swarm | J39: 24 | K39: 0 | L39: Each Threadling within 3 m slows 4% (max 40%) | M39: =IF(ISNUMBER(E39),ROUND(E39*$F$2,0),"—") -> 46 | N39: =IF(ISNUMBER(E39),ROUND(E39*$H$2,0),"—") -> 52 | O39: =IF(ISNUMBER(E39),ROUND(E39*$J$2,0),"—") -> 58 | P39: =ROUND(J39*$L$2,0) -> 30
A40: 27 | B40: Stiltwalker | C40: Eight-legged | D40: II | E40: 1500 | F40: — | G40: 3 | H40: Solo | I40: 60 | J40: 60 | K40: 0 | L40: Players beneath it (radius 4 m) are hidden from the enemy minimap and from sight beyond 10 m | M40: =IF(ISNUMBER(E40),ROUND(E40*$F$2,0),"—") -> 1725 | N40: =IF(ISNUMBER(E40),ROUND(E40*$H$2,0),"—") -> 1950 | O40: =IF(ISNUMBER(E40),ROUND(E40*$J$2,0),"—") -> 2175 | P40: =ROUND(J40*$L$2,0) -> 75
A41: 28 | B41: Mire Scuttler | C41: Eight-legged | D41: II | E41: 1000 | F41: 60 | G41: 4 | H41: 1–2 | I41: 55 | J41: 55 | K41: 0 | L41: −90% damage from the front 180° (exceeds the cap by design) | M41: =IF(ISNUMBER(E41),ROUND(E41*$F$2,0),"—") -> 1150 | N41: =IF(ISNUMBER(E41),ROUND(E41*$H$2,0),"—") -> 1300 | O41: =IF(ISNUMBER(E41),ROUND(E41*$J$2,0),"—") -> 1450 | P41: =ROUND(J41*$L$2,0) -> 69
A42: 29 | B42: Glasslegs | C42: Eight-legged | D42: II | E42: 800 | F42: 70 first strike + root 0.5 s, then 50 | G42: 6 | H42: Solo | I42: 55 | J42: 55 | K42: 0 | L42: Invisible after 1.5 s still; revealed only on its strike | M42: =IF(ISNUMBER(E42),ROUND(E42*$F$2,0),"—") -> 920 | N42: =IF(ISNUMBER(E42),ROUND(E42*$H$2,0),"—") -> 1040 | O42: =IF(ISNUMBER(E42),ROUND(E42*$J$2,0),"—") -> 1160 | P42: =ROUND(J42*$L$2,0) -> 69
A43: 30 | B43: Tendril Crawler | C43: Eight-legged | D43: III | E43: 3000 | F43: 50/s while holding | G43: 3.5 | H43: Solo | I43: 170 + 20 SAP | J43: 170 | K43: 20 | L43: Grabs two players within 8 m: stun 1.5 s; cooldown 14 s | M43: =IF(ISNUMBER(E43),ROUND(E43*$F$2,0),"—") -> 3450 | N43: =IF(ISNUMBER(E43),ROUND(E43*$H$2,0),"—") -> 3900 | O43: =IF(ISNUMBER(E43),ROUND(E43*$J$2,0),"—") -> 4350 | P43: =ROUND(J43*$L$2,0) -> 213
... A49: 35 | B49: Rootworm | C49: Insect | D49: I | E49: 80 | F49: — | G49: 2 | H49: 1–3 per freshly rooted node | I49: 10 | J49: 10 | K49: 0 | L49: A Verdant eating one: next root −30% channel | M49: =IF(ISNUMBER(E49),ROUND(E49*$F$2,0),"—") -> 92 | N49: =IF(ISNUMBER(E49),ROUND(E49*$H$2,0),"—") -> 104 | O49: =IF(ISNUMBER(E49),ROUND(E49*$J$2,0),"—") -> 116 | P49: =ROUND(J49*$L$2,0) -> 13
A50: 36 | B50: Thornwasp | C50: Insect | D50: II | E50: Nest 800; wasps 30 each | F50: 15/s per wasp | G50: 7 | H50: Nest + 6 wasps | I50: 50 (nest) | J50: 50 | K50: 0 | L50: Swarm chases anyone within 10 m of the nest for 12 s or 40 m | M50: =IF(ISNUMBER(E50),ROUND(E50*$F$2,0),"—") -> — | N50: =IF(ISNUMBER(E50),ROUND(E50*$H$2,0),"—") -> — | O50: =IF(ISNUMBER(E50),ROUND(E50*$J$2,0),"—") -> — | P50: =ROUND(J50*$L$2,0) -> 63
A51: 37 | B51: Hush Cicada | C51: Insect | D51: I | E51: 60 | F51: — | G51: 1 | H51: 3–5 | I51: 10 each | J51: 10 | K51: 0 | L51: While alive, sound signatures within 15 m are muted | M51: =IF(ISNUMBER(E51),ROUND(E51*$F$2,0),"—") -> 69 | N51: =IF(ISNUMBER(E51),ROUND(E51*$H$2,0),"—") -> 78 | O51: =IF(ISNUMBER(E51),ROUND(E51*$J$2,0),"—") -> 87 | P51: =ROUND(J51*$L$2,0) -> 13
A52: 38 | B52: Marrow Mantis | C52: Insect | D52: III | E52: 2400 | F52: 150, always a weak-point hit (225) | G52: 5.5 | H52: Solo, ambush | I52: 160 + 20 SAP | J52: 160 | K52: 20 | L52: Strikes from stealth at 6 m; cooldown 8 s | M52: =IF(ISNUMBER(E52),ROUND(E52*$F$2,0),"—") -> 2760 | N52: =IF(ISNUMBER(E52),ROUND(E52*$H$2,0),"—") -> 3120 | O52: =IF(ISNUMBER(E52),ROUND(E52*$J$2,0),"—") -> 3480 | P52: =ROUND(J52*$L$2,0) -> 200
A53: 39 | B53: Sapback Aphids | C53: Insect | D53: I | E53: 100 | F53: — | G53: 1.5 | H53: Herd of 6 | I53: 10 each | J53: 10 | K53: 0 | L53: While 3+ live on your node: +2 SAP/s to your team | M53: =IF(ISNUMBER(E53),ROUND(E53*$F$2,0),"—") -> 115 | N53: =IF(ISNUMBER(E53),ROUND(E53*$H$2,0),"—") -> 130 | O53: =IF(ISNUMBER(E53),ROUND(E53*$J$2,0),"—") -> 145 | P53: =ROUND(J53*$L$2,0) -> 13
A54: 40 | B54: Hive Colossus | C54: Insect | D54: IV | E54: 26000 | F54: Slam 300; releases a 6-wasp swarm every 15 s | G54: 2.5 | H54: Solo | I54: 400 + 100 SAP (+100 cores per plate broken) | J54: 400 | K54: 100 | L54: Body takes −70% damage until all four plates are broken | M54: =IF(ISNUMBER(E54),ROUND(E54*$F$2,0),"—") -> 29900 | N54: =IF(ISNUMBER(E54),ROUND(E54*$H$2,0),"—") -> 33800 | O54: =IF(ISNUMBER(E54),ROUND(E54*$J$2,0),"—") -> 37700 | P54: =ROUND(J54*$L$2,0) -> 500
A55: 42 | B55: Clashhorn Beetles | C55: Insect | D55: II | E55: 900 | F55: 55 | G55: 4.5 | H55: Pair | I55: 50 each | J55: 50 | K55: 0 | L55: Ignore everything while dueling. Interrupting makes both attack. Beating both within 10 s: Momentum 30 s (as Knucklebrute) | M55: =IF(ISNUMBER(E55),ROUND(E55*$F$2,0),"—") -> 1035 | N55: =IF(ISNUMBER(E55),ROUND(E55*$H$2,0),"—") -> 1170 | O55: =IF(ISNUMBER(E55),ROUND(E55*$J$2,0),"—") -> 1305 | P55: =ROUND(J55*$L$2,0) -> 63
A56: 43 | B56: Lumen Bees | C56: Insect | D56: I | E56: 80 | F56: — | G56: 5 | H56: Swarm of 6 | I56: 18 per swarm | J56: 18 | K56: 0 | L56: A node they visit gives +25% SAP for 60 s | M56: =IF(ISNUMBER(E56),ROUND(E56*$F$2,0),"—") -> 92 | N56: =IF(ISNUMBER(E56),ROUND(E56*$H$2,0),"—") -> 104 | O56: =IF(ISNUMBER(E56),ROUND(E56*$J$2,0),"—") -> 116 | P56: =ROUND(J56*$L$2,0) -> 23
A57: 54 | B57: Amber Beetles | C57: Insect | D57: I | E57: 100 | F57: — | G57: 1.5 | H57: 5–10 | I57: 0 cores, 15 SAP each | J57: 0 | K57: 15 | L57: Verdant: 20 SAP | M57: =IF(ISNUMBER(E57),ROUND(E57*$F$2,0),"—") -> 115 | N57: =IF(ISNUMBER(E57),ROUND(E57*$H$2,0),"—") -> 130 | O57: =IF(ISNUMBER(E57),ROUND(E57*$J$2,0),"—") -> 145 | P57: =ROUND(J57*$L$2,0) -> 0
B58: Shriekers | C58: Clamor | D58: I | E58: 100 | F58: 10 | G58: 9 | H58: Swarm of 6 | I58: 30 per swarm | J58: 30 | K58: 0 | L58: While any live: all players within 20 m are revealed | M58: =IF(ISNUMBER(E58),ROUND(E58*$F$2,0),"—") -> 115 | N58: =IF(ISNUMBER(E58),ROUND(E58*$H$2,0),"—") -> 130 | O58: =IF(ISNUMBER(E58),ROUND(E58*$J$2,0),"—") -> 145 | P58: =ROUND(J58*$L$2,0) -> 38
B59: Spore Kites | C59: Clamor | D59: I | E59: 120 | F59: — | G59: 6 | H59: 2–4 | I59: 15 each | J59: 15 | K59: 0 | L59: Land after 8 s aloft: a Scald patch, radius 6 m (node goes neutral, uncapturable for 60 s) | M59: =IF(ISNUMBER(E59),ROUND(E59*$F$2,0),"—") -> 138 | N59: =IF(ISNUMBER(E59),ROUND(E59*$H$2,0),"—") -> 156 | O59: =IF(ISNUMBER(E59),ROUND(E59*$J$2,0),"—") -> 174 | P59: =ROUND(J59*$L$2,0) -> 19
B60: Ashmouths | C60: Clamor | D60: II | E60: 900 | F60: 60 | G60: 5 | H60: 1–3 | I60: 60 | J60: 60 | K60: 0 | L60: Eats a body in 3 s: +10% Health and damage per body (max 5) | M60: =IF(ISNUMBER(E60),ROUND(E60*$F$2,0),"—") -> 1035 | N60: =IF(ISNUMBER(E60),ROUND(E60*$H$2,0),"—") -> 1170 | O60: =IF(ISNUMBER(E60),ROUND(E60*$J$2,0),"—") -> 1305 | P60: =ROUND(J60*$L$2,0) -> 75
B61: Kindlers | C61: Clamor | D61: II | E61: 700 | F61: 45 | G61: 6.5 | H61: 1–2 | I61: 50 | J61: 50 | K61: 0 | L61: Sets wildlife within 6 m burning: the creature panics and stampedes for 6 s (20 damage/s burn) | M61: =IF(ISNUMBER(E61),ROUND(E61*$F$2,0),"—") -> 805 | N61: =IF(ISNUMBER(E61),ROUND(E61*$H$2,0),"—") -> 910 | O61: =IF(ISNUMBER(E61),ROUND(E61*$J$2,0),"—") -> 1015 | P61: =ROUND(J61*$L$2,0) -> 63
B62: Scald Hulks | C62: Clamor | D62: III | E62: 3800 | F62: 130 | G62: 3 | H62: Solo | I62: 180 + 20 SAP | J62: 180 | K62: 20 | L62: 40% damage reduction; burning trail 20 damage/s for 5 s | M62: =IF(ISNUMBER(E62),ROUND(E62*$F$2,0),"—") -> 4370 | N62: =IF(ISNUMBER(E62),ROUND(E62*$H$2,0),"—") -> 4940 | O62: =IF(ISNUMBER(E62),ROUND(E62*$J$2,0),"—") -> 5510 | P62: =ROUND(J62*$L$2,0) -> 225
B63: Ventborn | C63: Clamor | D63: III | E63: 3000 | F63: 150 | G63: 4.5 | H63: 2 per vent | I63: 160 + 20 SAP | J63: 160 | K63: 20 | L63: Leash 15 m to its Roar-vent; respawn only while the vent stands | M63: =IF(ISNUMBER(E63),ROUND(E63*$F$2,0),"—") -> 3450 | N63: =IF(ISNUMBER(E63),ROUND(E63*$H$2,0),"—") -> 3900 | O63: =IF(ISNUMBER(E63),ROUND(E63*$J$2,0),"—") -> 4350 | P63: =ROUND(J63*$L$2,0) -> 200
B64: The Roar | C64: Clamor | D64: IV boss | E64: Body: dies when all vents break | F64: Stomp 400, radius 8 m, every 5 s · Chorus cone 90°, 25 m: 250 + silence 1.5 s, every 12 s | G64: 3 | H64: Solo | I64: 800 split + 200 SAP per team | J64: 800 | K64: 200 | L64: 6 Roar-vents, 6,000 Health each (weak points). Body takes −90% damage. Each broken vent: −10% speed and the chorus cone narrows 15°. Within 30 m: all sound signatures maxed, calls disabled. Eats roots and Blight: cells it crosses become burned-out neutral for 120 s | M64: =IF(ISNUMBER(E64),ROUND(E64*$F$2,0),"—") -> — | N64: =IF(ISNUMBER(E64),ROUND(E64*$H$2,0),"—") -> — | O64: =IF(ISNUMBER(E64),ROUND(E64*$J$2,0),"—") -> — | P64: =ROUND(J64*$L$2,0) -> 1000
B66: Native creatures listed (should be 54): | E66: =COUNT(A4:A64) -> 54
B67: Health P1 values assume Phase 1 multiplier = 1.00 (D2).

Sheet Economy
A1: Economy parameters and calculators (Spec 05)
A3: Parameter | B3: Value | C3: Unit | D3: Spec 05 section | F3: Conversion calculator
A4: Carry cap | B4: 450 | C4: cores | D4: §3 | F4: Carried cores | G4: 320
A5: Dropped cores last | B5: 30 | C5: s | D5: §3 | F5: Partner converts too? (1 = yes) | G5: 1
A6: Wildlife full-value cap | B6: 600 | C6: cores | D6: §3 | F6: Aggression bonus | G6: =MIN($B$16,INT(MIN(G4,$B$4)/100)*$B$15) -> 0.3
A7: Wildlife value after cap | B7: 0.5 | C7: × | D7: §3 | F7: EXP at base | G7: =ROUND(MIN(G4,$B$4)*(1+G6+G5*$B$17),0) -> 448
A8: Assist bounty share | B8: 0.3 | C8: × bounty | D8: §3 | F8: EXP field-converted | G8: =ROUND(MIN(G4,$B$4)*$B$18,0) -> 224
A9: Passive income factor | B9: 1.2 | C9: cores/s × TI | D9: §3 | F9: Example from Spec 05: 320 with partner → 448 at base, 224 in the field.
A10: Passive loss per Enemy Core lost | B10: 0.15 | C10: × | D10: §3
A11: C1 conversion (0–1 Hubs) | B11: 15 | C11: s | D11: §4 | F11: Passive income by Territorial Influence (per player)
A12: C2 conversion (2 Hubs) | B12: 12 | C12: s | D12: §4 | F12: TI | G12: Cores/s | H12: Over 18 min | I12: …with 1 Core lost
A13: C3 conversion (3+ Hubs) | B13: 9 | C13: s | D13: §4 | F13: 0.3 | G13: =ROUND($B$9*F13,2) -> 0.36 | H13: =ROUND(G13*1080,0) -> 389 | I13: =ROUND(H13*(1-$B$10),0) -> 331
A14: Conversion floor after Core losses | B14: 18 | C14: s | D14: §4 | F14: 0.4 | G14: =ROUND($B$9*F14,2) -> 0.48 | H14: =ROUND(G14*1080,0) -> 518 | I14: =ROUND(H14*(1-$B$10),0) -> 440
A15: Aggression bonus per full 100 carried | B15: 0.1 | C15: × | D15: §4 | F15: 0.5 | G15: =ROUND($B$9*F15,2) -> 0.6 | H15: =ROUND(G15*1080,0) -> 648 | I15: =ROUND(H15*(1-$B$10),0) -> 551
A16: Aggression bonus cap | B16: 0.3 | C16: × | D16: §4 | F16: 0.6 | G16: =ROUND($B$9*F16,2) -> 0.72 | H16: =ROUND(G16*1080,0) -> 778 | I16: =ROUND(H16*(1-$B$10),0) -> 661
A17: Evolution-Sync Resonance | B17: 0.1 | C17: × | D17: §4 | F17: 0.7 | G17: =ROUND($B$9*F17,2) -> 0.84 | H17: =ROUND(G17*1080,0) -> 907 | I17: =ROUND(H17*(1-$B$10),0) -> 771
A18: Field conversion efficiency | B18: 0.7 | C18: × | D18: §4 | F18: 0.8 | G18: =ROUND($B$9*F18,2) -> 0.96 | H18: =ROUND(G18*1080,0) -> 1037 | I18: =ROUND(H18*(1-$B$10),0) -> 881
A19: L20 cores per SAP | B19: 2 | C19: cores | D19: §4
A20: Capturable cells (standard map) | B20: 240 | C20: cells | D20: §5 | F20: Hub Defense levels
A21: TI per Hub held | B21: 3 | C21: points | D21: §5 | F21: Level | G21: Cost of this level (SAP) | H21: Total SAP to reach | I21: Hub Health | J21: Ally damage reduction
A22: Mercy TI | B22: 0.8 | C22: × | D22: §5 | F22: 0 | G22: =$B$29*F22 -> 0 | H22: =0 -> 0 | I22: =$B$31+$B$32*F22 -> 6000 | J22: =MIN(0.75,$B$33*F22) -> 0
A23: Mercy hold | B23: 60 | C23: s | D23: §5 | F23: 1 | G23: =$B$29*F23 -> 100 | H23: =H22+G23 -> 100 | I23: =$B$31+$B$32*F23 -> 6400 | J23: =MIN(0.75,$B$33*F23) -> 0.05
A24: Territorial Growth interval | B24: 20 | C24: s per cell | D24: §5 | F24: 2 | G24: =$B$29*F24 -> 200 | H24: =H23+G24 -> 300 | I24: =$B$31+$B$32*F24 -> 6800 | J24: =MIN(0.75,$B$33*F24) -> 0.1
A25: Root channel | B25: 4 | C25: s | D25: §5 | F25: 3 | G25: =$B$29*F25 -> 300 | H25: =H24+G25 -> 600 | I25: =$B$31+$B$32*F25 -> 7200 | J25: =MIN(0.75,$B$33*F25) -> 0.15
A26: Root channel (Verdant) | B26: 2 | C26: s | D26: §5 | F26: 4 | G26: =$B$29*F26 -> 400 | H26: =H25+G26 -> 1000 | I26: =$B$31+$B$32*F26 -> 7600 | J26: =MIN(0.75,$B$33*F26) -> 0.2
A27: SAP per cell | B27: 1 | C27: SAP/s | D27: §6 | F27: 5 | G27: =$B$29*F27 -> 500 | H27: =H26+G27 -> 1500 | I27: =$B$31+$B$32*F27 -> 8000 | J27: =MIN(0.75,$B$33*F27) -> 0.25
A28: SAP bonus per Hub | B28: 0.15 | C28: × | D28: §6 | F28: 6 | G28: =$B$29*F28 -> 600 | H28: =H27+G28 -> 2100 | I28: =$B$31+$B$32*F28 -> 8400 | J28: =MIN(0.75,$B$33*F28) -> 0.3
A29: Hub Defense cost per level | B29: 100 | C29: SAP × level | D29: §6 | F29: 7 | G29: =$B$29*F29 -> 700 | H29: =H28+G29 -> 2800 | I29: =$B$31+$B$32*F29 -> 8800 | J29: =MIN(0.75,$B$33*F29) -> 0.35
A30: Structure damage modifier | B30: 0.5 | C30: × | D30: §7 | F30: 8 | G30: =$B$29*F30 -> 800 | H30: =H29+G30 -> 3600 | I30: =$B$31+$B$32*F30 -> 9200 | J30: =MIN(0.75,$B$33*F30) -> 0.4
A31: Hub base Health | B31: 6000 | C31: Health | D31: §7 | F31: 9 | G31: =$B$29*F31 -> 900 | H31: =H30+G31 -> 4500 | I31: =$B$31+$B$32*F31 -> 9600 | J31: =MIN(0.75,$B$33*F31) -> 0.45
A32: Hub Health per level | B32: 400 | C32: Health | D32: §7 | F32: 10 | G32: =$B$29*F32 -> 1000 | H32: =H31+G32 -> 5500 | I32: =$B$31+$B$32*F32 -> 10000 | J32: =MIN(0.75,$B$33*F32) -> 0.5
A33: Hub ally DR per level | B33: 0.05 | C33: × | D33: §7
A34: Hub shield threshold | B34: 0.66 | C34: × Health | D34: §7 | F34: Siege check
A35: Enemy Core Health | B35: 5000 | C35: Health | D35: §7 | F35: Attackers | G35: 4
A36: Enemy Core reward | B36: 900 | C36: cores | D36: §7 | F36: Damage/s per attacker (Stage 3) | G36: 260
A37: Enemy Core regrowth | B37: 240 | C37: s | D37: §7 | F37: Team structure DPS | G37: =G35*G36*$B$30 -> 520
A38: Base Heart Health | B38: 12000 | C38: Health | D38: §7 | F38: Level 0 Hub shield (s) | G38: =ROUND($B$31*(1-$B$34)/G37,1) -> 3.9
A39: Event region cooldown | B39: 90 | C39: s | D39: §8 | F39: Level 10 Hub shield (s) | G39: =ROUND(I32*(1-$B$34)/G37,1) -> 6.5
A40: Global event spacing | B40: 60 | C40: s | D40: §8 | F40: Enemy Core (s) | G40: =ROUND($B$35/G37,1) -> 9.6
A41: Patron deck chance when behind | B41: 0.6 | C41: × | D41: §8 | F41: Base Heart (s) | G41: =ROUND($B$38/G37,1) -> 23.1
A42: Patron trigger TI gap | B42: 0.05 | C42: × | D42: §8
A43: Time limit | B43: 1500 | C43: s | D43: §10 | F43: Territorial Influence calculator
A44: Overtime | B44: 120 | C44: s | D44: §10 | F44: Cells held | G44: 108
F45: Hubs held | G45: 2
A46: Version B rules (approved 2026-10-19, audit/GAME_DESIGN_DOCUMENT.md) | F46: TI | G46: =MIN(1,G44/$B$20+G45*$B$21/100) -> 0.51
A47: Hub Defense seconds per level | B47: 45 | C47: s | D47: Version B §8 | F47: Level of player | G47: 20
A48: Hunt territory speed multiplier | B48: 2 | C48: × | D48: Version B §4 | F48: Dominance Power bonus | G48: =MAX(0,G47-15)/5*MAX(0,G46*100-50)/5/100 -> 0.002
A49: Field channel base | B49: 6 | C49: s | D49: Version B §5 | F49: SAP per minute (team) | G49: =ROUND(G44*$B$27*60*(1+G45*$B$28),0) -> 8424
A50: Field channel per 50 cores | B50: 1 | C50: s | D50: Version B §5
A51: Field ally speedup | B51: 0.25 | C51: × | D51: Version B §5
A52: Field ally speedup cap | B52: 0.5 | C52: × | D52: Version B §5
A53: Synergy range | B53: 15 | C53: m | D53: Version B §7
A54: Synergy cooldown | B54: 20 | C54: s | D54: Version B §7
A55: Synergy follow-up window | B55: 1.5 | C55: s | D55: Version B §7
A56: Grey Migration time | B56: 360 | C56: s | D56: Version B §4
A57: Grey Migration duration | B57: 60 | C57: s | D57: Version B §4
A58: Grey Migration damage | B58: 40 | C58: Health/s | D58: Version B §4
A59: Sap Draw heal per second | B59: 0.03 | C59: × max Health | D59: Version B §6
A60: Sap Draw radius | B60: 8 | C60: m | D60: Version B §6
A61: Overgrowth node cap | B61: 4 | C61: nodes | D61: Version B §6
... A89: Fortress ally reduction | B89: 0.4 | C89: × | D89: Version B §6 / Spec 03

Sheet Tension & Events
A1: Tension rates and event decks (Spec 05 §8)
A3: Factor | B3: Value | C3: Unit
A4: Borders touching (base) | B4: 0.2 | C4: Tension/s
A5: Each fight within 15 m of a border | B5: 1 | C5: Tension/s
A6: Stage 2 nearby | B6: 1.5 | C6: × on fight rate
A7: Stage 3 nearby | B7: 2 | C7: × on fight rate
A8: Old Tall within 30 m | B8: 3 | C8: × all
A9: Decay after 30 s without fighting | B9: -0.5 | C9: Tension/s
A10: Event threshold | B10: 100 | C10: Tension
A12: Time to an event: steady border + one fight a minute lasting 10 s
A13: Average Tension/s | B13: =B4+B5*10/60 -> 0.36666667
A14: Seconds to threshold | B14: =ROUND(B10/B13,0) -> 273
A15: Minutes to threshold | B15: =ROUND(B14/60,1) -> 4.6
A17: Deck | B17: Event | C17: Weight | D17: Duration (s) | E17: Effect
A18: Neutral | B18: Rootquake | C18: 0.25 | D18: 30 | E18: All nodes in the region Vulnerable
A19: Neutral | B19: Marrow Storm | C19: 0.2 | D19: 20 | E19: Weak points exposed from any angle for everyone in the region
A20: Neutral | B20: Stampede | C20: 0.2 | D20: 30 | E20: Staggers last +50%; Momentum gain ×2
A21: Neutral | B21: SAP Surge | C21: 0.2 | D21: 30 | E21: First team to spend 200 SAP at the geyser: ×3 SAP from the region's cells for 60 s
A22: Neutral | B22: Core Bloom | C22: 0.15 | D22: 30 | E22: 400 loose cores at the region's centre (wildlife cap doesn't apply)
A23: Planet Pulse | B23: Heartquake | C23: 0.4 | D23: 20 | E23: Blightborn nodes in the region Vulnerable; Blight cells there uproot at half time
A24: Planet Pulse | B24: Healing Bloom | C24: 0.4 | D24: 15 | E24: Wildborn in the region regenerate 3% max Health/s (counts toward the 5%/s cap)
A25: Planet Pulse | B25: The Old Tall wakes | C25: 0.2 | D25: 45 | E25: Spawns the Old Tall (Spec 04), hunting Blightborn
A26: Murmur Surge | B26: Shard Rain | C26: 0.4 | D26: 15 | E26: Shards fall on Wildborn structures in the region: 150 damage per second, final
A27: Murmur Surge | B27: Thousand Whispers | C27: 0.4 | D27: 10 | E27: All Wildborn revealed map-wide
A28: Murmur Surge | B28: Blighted Wyrm | C28: 0.2 | D28: 45 | E28: Spawns a Blighted Sixfold Wyrm (Spec 04), hunting Wildborn
A30: Weight checks (each deck should total 100%)
A31: Neutral | C31: =SUMIF($A$18:$A$28,A31,$C$18:$C$28) -> 1
A32: Planet Pulse | C32: =SUMIF($A$18:$A$28,A32,$C$18:$C$28) -> 1
A33: Murmur Surge | C33: =SUMIF($A$18:$A$28,A33,$C$18:$C$28) -> 1
